Build output check failed:
    Regex: 'command[- ]line option .* is valid for .* but not for C'
    Output line: 'cc1: warning: command-line option ‘-Wnon-virtual-dtor’ is valid for C++/ObjC++ but not for C'
Compilation failed:
    source file: '/home/daniel/Documents/opencv/build/CMakeFiles/CMakeTmp/src.c'
    check option: ' -fsigned-char -W -Wall -Wreturn-type  -Wnon-virtual-dtor'
===== BUILD LOG =====
Change Dir: '/home/daniel/Documents/opencv/build/CMakeFiles/CMakeTmp'

Run Build Command(s): /usr/bin/cmake -E env VERBOSE=1 /usr/bin/gmake -f Makefile cmTC_814d3/fast
/usr/bin/gmake  -f CMakeFiles/cmTC_814d3.dir/build.make CMakeFiles/cmTC_814d3.dir/build
gmake[1]: Entering directory '/home/daniel/Documents/opencv/build/CMakeFiles/CMakeTmp'
Building C object CMakeFiles/cmTC_814d3.dir/src.c.o
/usr/bin/cc   -O3 -DNDEBUG -fPIE    -fsigned-char -W -Wall -Wreturn-type  -Wnon-virtual-dtor -o CMakeFiles/cmTC_814d3.dir/src.c.o -c /home/daniel/Documents/opencv/build/CMakeFiles/CMakeTmp/src.c
cc1: warning: command-line option ‘-Wnon-virtual-dtor’ is valid for C++/ObjC++ but not for C
/home/daniel/Documents/opencv/build/CMakeFiles/CMakeTmp/src.c:1: warning: ignoring ‘#pragma  ’ [-Wunknown-pragmas]
    1 | #pragma
Linking C executable cmTC_814d3
/usr/bin/cmake -E cmake_link_script CMakeFiles/cmTC_814d3.dir/link.txt --verbose=1
/usr/bin/cc -O3 -DNDEBUG CMakeFiles/cmTC_814d3.dir/src.c.o -o cmTC_814d3
gmake[1]: Leaving directory '/home/daniel/Documents/opencv/build/CMakeFiles/CMakeTmp'


===== END =====

Build output check failed:
    Regex: 'command[- ]line option .* is valid for .* but not for C\+\+'
    Output line: 'cc1plus: warning: command-line option ‘-Wmissing-prototypes’ is valid for C/ObjC but not for C++'
Compilation failed:
    source file: '/home/daniel/Documents/opencv/build/CMakeFiles/CMakeTmp/src.cxx'
    check option: ' -fsigned-char -W -Wall -Wreturn-type -Wnon-virtual-dtor -Waddress -Wsequence-point -Wformat -Wformat-security -Wmissing-declarations  -Wmissing-prototypes'
===== BUILD LOG =====
Change Dir: '/home/daniel/Documents/opencv/build/CMakeFiles/CMakeTmp'

Run Build Command(s): /usr/bin/cmake -E env VERBOSE=1 /usr/bin/gmake -f Makefile cmTC_f94d1/fast
/usr/bin/gmake  -f CMakeFiles/cmTC_f94d1.dir/build.make CMakeFiles/cmTC_f94d1.dir/build
gmake[1]: Entering directory '/home/daniel/Documents/opencv/build/CMakeFiles/CMakeTmp'
Building CXX object CMakeFiles/cmTC_f94d1.dir/src.cxx.o
/usr/bin/c++   -O3 -DNDEBUG -std=c++11 -fPIE    -fsigned-char -W -Wall -Wreturn-type -Wnon-virtual-dtor -Waddress -Wsequence-point -Wformat -Wformat-security -Wmissing-declarations  -Wmissing-prototypes -o CMakeFiles/cmTC_f94d1.dir/src.cxx.o -c /home/daniel/Documents/opencv/build/CMakeFiles/CMakeTmp/src.cxx
cc1plus: warning: command-line option ‘-Wmissing-prototypes’ is valid for C/ObjC but not for C++
/home/daniel/Documents/opencv/build/CMakeFiles/CMakeTmp/src.cxx:1: warning: ignoring ‘#pragma  ’ [-Wunknown-pragmas]
    1 | #pragma
Linking CXX executable cmTC_f94d1
/usr/bin/cmake -E cmake_link_script CMakeFiles/cmTC_f94d1.dir/link.txt --verbose=1
/usr/bin/c++ -O3 -DNDEBUG CMakeFiles/cmTC_f94d1.dir/src.cxx.o -o cmTC_f94d1
gmake[1]: Leaving directory '/home/daniel/Documents/opencv/build/CMakeFiles/CMakeTmp'


===== END =====

Build output check failed:
    Regex: 'command[- ]line option .* is valid for .* but not for C\+\+'
    Output line: 'cc1plus: warning: command-line option ‘-Wstrict-prototypes’ is valid for C/ObjC but not for C++'
Compilation failed:
    source file: '/home/daniel/Documents/opencv/build/CMakeFiles/CMakeTmp/src.cxx'
    check option: ' -fsigned-char -W -Wall -Wreturn-type -Wnon-virtual-dtor -Waddress -Wsequence-point -Wformat -Wformat-security -Wmissing-declarations  -Wstrict-prototypes'
===== BUILD LOG =====
Change Dir: '/home/daniel/Documents/opencv/build/CMakeFiles/CMakeTmp'

Run Build Command(s): /usr/bin/cmake -E env VERBOSE=1 /usr/bin/gmake -f Makefile cmTC_b30ff/fast
/usr/bin/gmake  -f CMakeFiles/cmTC_b30ff.dir/build.make CMakeFiles/cmTC_b30ff.dir/build
gmake[1]: Entering directory '/home/daniel/Documents/opencv/build/CMakeFiles/CMakeTmp'
Building CXX object CMakeFiles/cmTC_b30ff.dir/src.cxx.o
/usr/bin/c++   -O3 -DNDEBUG -std=c++11 -fPIE    -fsigned-char -W -Wall -Wreturn-type -Wnon-virtual-dtor -Waddress -Wsequence-point -Wformat -Wformat-security -Wmissing-declarations  -Wstrict-prototypes -o CMakeFiles/cmTC_b30ff.dir/src.cxx.o -c /home/daniel/Documents/opencv/build/CMakeFiles/CMakeTmp/src.cxx
cc1plus: warning: command-line option ‘-Wstrict-prototypes’ is valid for C/ObjC but not for C++
/home/daniel/Documents/opencv/build/CMakeFiles/CMakeTmp/src.cxx:1: warning: ignoring ‘#pragma  ’ [-Wunknown-pragmas]
    1 | #pragma
Linking CXX executable cmTC_b30ff
/usr/bin/cmake -E cmake_link_script CMakeFiles/cmTC_b30ff.dir/link.txt --verbose=1
/usr/bin/c++ -O3 -DNDEBUG CMakeFiles/cmTC_b30ff.dir/src.cxx.o -o cmTC_b30ff
gmake[1]: Leaving directory '/home/daniel/Documents/opencv/build/CMakeFiles/CMakeTmp'


===== END =====

Build output check failed:
    Regex: 'command[- ]line option .* is valid for .* but not for C'
    Output line: 'cc1: warning: command-line option ‘-Wsign-promo’ is valid for C++/ObjC++ but not for C'
Compilation failed:
    source file: '/home/daniel/Documents/opencv/build/CMakeFiles/CMakeTmp/src.c'
    check option: ' -fsigned-char -W -Wall -Wreturn-type -Waddress -Wsequence-point -Wformat -Wformat-security -Wmissing-declarations -Wmissing-prototypes -Wstrict-prototypes -Wundef -Winit-self -Wpointer-arith -Wshadow  -Wsign-promo'
===== BUILD LOG =====
Change Dir: '/home/daniel/Documents/opencv/build/CMakeFiles/CMakeTmp'

Run Build Command(s): /usr/bin/cmake -E env VERBOSE=1 /usr/bin/gmake -f Makefile cmTC_5f039/fast
/usr/bin/gmake  -f CMakeFiles/cmTC_5f039.dir/build.make CMakeFiles/cmTC_5f039.dir/build
gmake[1]: Entering directory '/home/daniel/Documents/opencv/build/CMakeFiles/CMakeTmp'
Building C object CMakeFiles/cmTC_5f039.dir/src.c.o
/usr/bin/cc   -O3 -DNDEBUG -fPIE    -fsigned-char -W -Wall -Wreturn-type -Waddress -Wsequence-point -Wformat -Wformat-security -Wmissing-declarations -Wmissing-prototypes -Wstrict-prototypes -Wundef -Winit-self -Wpointer-arith -Wshadow  -Wsign-promo -o CMakeFiles/cmTC_5f039.dir/src.c.o -c /home/daniel/Documents/opencv/build/CMakeFiles/CMakeTmp/src.c
cc1: warning: command-line option ‘-Wsign-promo’ is valid for C++/ObjC++ but not for C
/home/daniel/Documents/opencv/build/CMakeFiles/CMakeTmp/src.c:1: warning: ignoring ‘#pragma  ’ [-Wunknown-pragmas]
    1 | #pragma
Linking C executable cmTC_5f039
/usr/bin/cmake -E cmake_link_script CMakeFiles/cmTC_5f039.dir/link.txt --verbose=1
/usr/bin/cc -O3 -DNDEBUG CMakeFiles/cmTC_5f039.dir/src.c.o -o cmTC_5f039
gmake[1]: Leaving directory '/home/daniel/Documents/opencv/build/CMakeFiles/CMakeTmp'


===== END =====

Build output check failed:
    Regex: 'command[- ]line option .* is valid for .* but not for C'
    Output line: 'cc1: warning: command-line option ‘-Wsuggest-override’ is valid for C++/ObjC++ but not for C'
Compilation failed:
    source file: '/home/daniel/Documents/opencv/build/CMakeFiles/CMakeTmp/src.c'
    check option: ' -fsigned-char -W -Wall -Wreturn-type -Waddress -Wsequence-point -Wformat -Wformat-security -Wmissing-declarations -Wmissing-prototypes -Wstrict-prototypes -Wundef -Winit-self -Wpointer-arith -Wshadow -Wuninitialized  -Wsuggest-override'
===== BUILD LOG =====
Change Dir: '/home/daniel/Documents/opencv/build/CMakeFiles/CMakeTmp'

Run Build Command(s): /usr/bin/cmake -E env VERBOSE=1 /usr/bin/gmake -f Makefile cmTC_690c0/fast
/usr/bin/gmake  -f CMakeFiles/cmTC_690c0.dir/build.make CMakeFiles/cmTC_690c0.dir/build
gmake[1]: Entering directory '/home/daniel/Documents/opencv/build/CMakeFiles/CMakeTmp'
Building C object CMakeFiles/cmTC_690c0.dir/src.c.o
/usr/bin/cc   -O3 -DNDEBUG -fPIE    -fsigned-char -W -Wall -Wreturn-type -Waddress -Wsequence-point -Wformat -Wformat-security -Wmissing-declarations -Wmissing-prototypes -Wstrict-prototypes -Wundef -Winit-self -Wpointer-arith -Wshadow -Wuninitialized  -Wsuggest-override -o CMakeFiles/cmTC_690c0.dir/src.c.o -c /home/daniel/Documents/opencv/build/CMakeFiles/CMakeTmp/src.c
cc1: warning: command-line option ‘-Wsuggest-override’ is valid for C++/ObjC++ but not for C
/home/daniel/Documents/opencv/build/CMakeFiles/CMakeTmp/src.c:1: warning: ignoring ‘#pragma  ’ [-Wunknown-pragmas]
    1 | #pragma
Linking C executable cmTC_690c0
/usr/bin/cmake -E cmake_link_script CMakeFiles/cmTC_690c0.dir/link.txt --verbose=1
/usr/bin/cc -O3 -DNDEBUG CMakeFiles/cmTC_690c0.dir/src.c.o -o cmTC_690c0
gmake[1]: Leaving directory '/home/daniel/Documents/opencv/build/CMakeFiles/CMakeTmp'


===== END =====

Build output check failed:
    Regex: 'command[- ]line option .* is valid for .* but not for C'
    Output line: 'cc1: warning: command-line option ‘-Wno-delete-non-virtual-dtor’ is valid for C++/ObjC++ but not for C'
Compilation failed:
    source file: '/home/daniel/Documents/opencv/build/CMakeFiles/CMakeTmp/src.c'
    check option: ' -fsigned-char -W -Wall -Wreturn-type -Waddress -Wsequence-point -Wformat -Wformat-security -Wmissing-declarations -Wmissing-prototypes -Wstrict-prototypes -Wundef -Winit-self -Wpointer-arith -Wshadow -Wuninitialized  -Wno-delete-non-virtual-dtor'
===== BUILD LOG =====
Change Dir: '/home/daniel/Documents/opencv/build/CMakeFiles/CMakeTmp'

Run Build Command(s): /usr/bin/cmake -E env VERBOSE=1 /usr/bin/gmake -f Makefile cmTC_d91d5/fast
/usr/bin/gmake  -f CMakeFiles/cmTC_d91d5.dir/build.make CMakeFiles/cmTC_d91d5.dir/build
gmake[1]: Entering directory '/home/daniel/Documents/opencv/build/CMakeFiles/CMakeTmp'
Building C object CMakeFiles/cmTC_d91d5.dir/src.c.o
/usr/bin/cc   -O3 -DNDEBUG -fPIE    -fsigned-char -W -Wall -Wreturn-type -Waddress -Wsequence-point -Wformat -Wformat-security -Wmissing-declarations -Wmissing-prototypes -Wstrict-prototypes -Wundef -Winit-self -Wpointer-arith -Wshadow -Wuninitialized  -Wno-delete-non-virtual-dtor -o CMakeFiles/cmTC_d91d5.dir/src.c.o -c /home/daniel/Documents/opencv/build/CMakeFiles/CMakeTmp/src.c
cc1: warning: command-line option ‘-Wno-delete-non-virtual-dtor’ is valid for C++/ObjC++ but not for C
/home/daniel/Documents/opencv/build/CMakeFiles/CMakeTmp/src.c:1: warning: ignoring ‘#pragma  ’ [-Wunknown-pragmas]
    1 | #pragma
Linking C executable cmTC_d91d5
/usr/bin/cmake -E cmake_link_script CMakeFiles/cmTC_d91d5.dir/link.txt --verbose=1
/usr/bin/cc -O3 -DNDEBUG CMakeFiles/cmTC_d91d5.dir/src.c.o -o cmTC_d91d5
gmake[1]: Leaving directory '/home/daniel/Documents/opencv/build/CMakeFiles/CMakeTmp'


===== END =====

Build output check failed:
    Regex: 'unrecognized .*option'
    Output line: 'cc1plus: note: unrecognized command-line option ‘-Wno-unnamed-type-template-args’ may have been intended to silence earlier diagnostics'
Compilation failed:
    source file: '/home/daniel/Documents/opencv/build/CMakeFiles/CMakeTmp/src.cxx'
    check option: ' -fsigned-char -W -Wall -Wreturn-type -Wnon-virtual-dtor -Waddress -Wsequence-point -Wformat -Wformat-security -Wmissing-declarations -Wundef -Winit-self -Wpointer-arith -Wshadow -Wsign-promo -Wuninitialized -Wsuggest-override -Wno-delete-non-virtual-dtor  -Wno-unnamed-type-template-args'
===== BUILD LOG =====
Change Dir: '/home/daniel/Documents/opencv/build/CMakeFiles/CMakeTmp'

Run Build Command(s): /usr/bin/cmake -E env VERBOSE=1 /usr/bin/gmake -f Makefile cmTC_4e88d/fast
/usr/bin/gmake  -f CMakeFiles/cmTC_4e88d.dir/build.make CMakeFiles/cmTC_4e88d.dir/build
gmake[1]: Entering directory '/home/daniel/Documents/opencv/build/CMakeFiles/CMakeTmp'
Building CXX object CMakeFiles/cmTC_4e88d.dir/src.cxx.o
/usr/bin/c++   -O3 -DNDEBUG -std=c++11 -fPIE    -fsigned-char -W -Wall -Wreturn-type -Wnon-virtual-dtor -Waddress -Wsequence-point -Wformat -Wformat-security -Wmissing-declarations -Wundef -Winit-self -Wpointer-arith -Wshadow -Wsign-promo -Wuninitialized -Wsuggest-override -Wno-delete-non-virtual-dtor  -Wno-unnamed-type-template-args -o CMakeFiles/cmTC_4e88d.dir/src.cxx.o -c /home/daniel/Documents/opencv/build/CMakeFiles/CMakeTmp/src.cxx
/home/daniel/Documents/opencv/build/CMakeFiles/CMakeTmp/src.cxx:1: warning: ignoring ‘#pragma  ’ [-Wunknown-pragmas]
    1 | #pragma
cc1plus: note: unrecognized command-line option ‘-Wno-unnamed-type-template-args’ may have been intended to silence earlier diagnostics
Linking CXX executable cmTC_4e88d
/usr/bin/cmake -E cmake_link_script CMakeFiles/cmTC_4e88d.dir/link.txt --verbose=1
/usr/bin/c++ -O3 -DNDEBUG CMakeFiles/cmTC_4e88d.dir/src.cxx.o -o cmTC_4e88d
gmake[1]: Leaving directory '/home/daniel/Documents/opencv/build/CMakeFiles/CMakeTmp'


===== END =====

Build output check failed:
    Regex: 'unrecognized .*option'
    Output line: 'cc1: note: unrecognized command-line option ‘-Wno-unnamed-type-template-args’ may have been intended to silence earlier diagnostics'
Compilation failed:
    source file: '/home/daniel/Documents/opencv/build/CMakeFiles/CMakeTmp/src.c'
    check option: ' -fsigned-char -W -Wall -Wreturn-type -Waddress -Wsequence-point -Wformat -Wformat-security -Wmissing-declarations -Wmissing-prototypes -Wstrict-prototypes -Wundef -Winit-self -Wpointer-arith -Wshadow -Wuninitialized  -Wno-unnamed-type-template-args'
===== BUILD LOG =====
Change Dir: '/home/daniel/Documents/opencv/build/CMakeFiles/CMakeTmp'

Run Build Command(s): /usr/bin/cmake -E env VERBOSE=1 /usr/bin/gmake -f Makefile cmTC_83e4b/fast
/usr/bin/gmake  -f CMakeFiles/cmTC_83e4b.dir/build.make CMakeFiles/cmTC_83e4b.dir/build
gmake[1]: Entering directory '/home/daniel/Documents/opencv/build/CMakeFiles/CMakeTmp'
Building C object CMakeFiles/cmTC_83e4b.dir/src.c.o
/usr/bin/cc   -O3 -DNDEBUG -fPIE    -fsigned-char -W -Wall -Wreturn-type -Waddress -Wsequence-point -Wformat -Wformat-security -Wmissing-declarations -Wmissing-prototypes -Wstrict-prototypes -Wundef -Winit-self -Wpointer-arith -Wshadow -Wuninitialized  -Wno-unnamed-type-template-args -o CMakeFiles/cmTC_83e4b.dir/src.c.o -c /home/daniel/Documents/opencv/build/CMakeFiles/CMakeTmp/src.c
/home/daniel/Documents/opencv/build/CMakeFiles/CMakeTmp/src.c:1: warning: ignoring ‘#pragma  ’ [-Wunknown-pragmas]
    1 | #pragma
cc1: note: unrecognized command-line option ‘-Wno-unnamed-type-template-args’ may have been intended to silence earlier diagnostics
Linking C executable cmTC_83e4b
/usr/bin/cmake -E cmake_link_script CMakeFiles/cmTC_83e4b.dir/link.txt --verbose=1
/usr/bin/cc -O3 -DNDEBUG CMakeFiles/cmTC_83e4b.dir/src.c.o -o cmTC_83e4b
gmake[1]: Leaving directory '/home/daniel/Documents/opencv/build/CMakeFiles/CMakeTmp'


===== END =====

Compilation failed:
    source file: '/home/daniel/Documents/opencv/opencv-4.x/cmake/checks/cpu_sse3.cpp'
    check option: ''
===== BUILD LOG =====
Change Dir: '/home/daniel/Documents/opencv/build/CMakeFiles/CMakeTmp'

Run Build Command(s): /usr/bin/cmake -E env VERBOSE=1 /usr/bin/gmake -f Makefile cmTC_905c8/fast
/usr/bin/gmake  -f CMakeFiles/cmTC_905c8.dir/build.make CMakeFiles/cmTC_905c8.dir/build
gmake[1]: Entering directory '/home/daniel/Documents/opencv/build/CMakeFiles/CMakeTmp'
Building CXX object CMakeFiles/cmTC_905c8.dir/cpu_sse3.cpp.o
/usr/bin/c++   -O3 -DNDEBUG -std=c++11 -fPIE -o CMakeFiles/cmTC_905c8.dir/cpu_sse3.cpp.o -c /home/daniel/Documents/opencv/opencv-4.x/cmake/checks/cpu_sse3.cpp
In file included from /home/daniel/Documents/opencv/opencv-4.x/cmake/checks/cpu_sse3.cpp:1:
/usr/lib/gcc/x86_64-redhat-linux/14/include/pmmintrin.h: In function ‘int main()’:
/usr/lib/gcc/x86_64-redhat-linux/14/include/pmmintrin.h:75:1: error: inlining failed in call to ‘always_inline’ ‘__m128 _mm_moveldup_ps(__m128)’: target specific option mismatch
   75 | _mm_moveldup_ps (__m128 __X)
      | ^~~~~~~~~~~~~~~
/home/daniel/Documents/opencv/opencv-4.x/cmake/checks/cpu_sse3.cpp:5:24: note: called from here
    5 |     v = _mm_moveldup_ps(u); // SSE3
      |         ~~~~~~~~~~~~~~~^~~
/usr/lib/gcc/x86_64-redhat-linux/14/include/pmmintrin.h:75:1: error: inlining failed in call to ‘always_inline’ ‘__m128 _mm_moveldup_ps(__m128)’: target specific option mismatch
   75 | _mm_moveldup_ps (__m128 __X)
      | ^~~~~~~~~~~~~~~
/home/daniel/Documents/opencv/opencv-4.x/cmake/checks/cpu_sse3.cpp:5:24: note: called from here
    5 |     v = _mm_moveldup_ps(u); // SSE3
      |         ~~~~~~~~~~~~~~~^~~
gmake[1]: *** [CMakeFiles/cmTC_905c8.dir/build.make:78: CMakeFiles/cmTC_905c8.dir/cpu_sse3.cpp.o] Error 1
gmake[1]: Leaving directory '/home/daniel/Documents/opencv/build/CMakeFiles/CMakeTmp'
gmake: *** [Makefile:127: cmTC_905c8/fast] Error 2


===== END =====

Build output check failed:
    Regex: 'command[- ]line option .* is valid for .* but not for C'
    Output line: 'cc1: warning: command-line option ‘-fvisibility-inlines-hidden’ is valid for C++/ObjC++ but not for C'
Compilation failed:
    source file: '/home/daniel/Documents/opencv/build/CMakeFiles/CMakeTmp/src.c'
    check option: ' -fsigned-char -W -Wall -Wreturn-type -Waddress -Wsequence-point -Wformat -Wformat-security -Wmissing-declarations -Wmissing-prototypes -Wstrict-prototypes -Wundef -Winit-self -Wpointer-arith -Wshadow -Wuninitialized -Wno-comment -Wimplicit-fallthrough=3 -Wno-strict-overflow -fdiagnostics-show-option -pthread -fomit-frame-pointer -ffunction-sections -fdata-sections  -msse3 -fvisibility=hidden  -fvisibility-inlines-hidden'
===== BUILD LOG =====
Change Dir: '/home/daniel/Documents/opencv/build/CMakeFiles/CMakeTmp'

Run Build Command(s): /usr/bin/cmake -E env VERBOSE=1 /usr/bin/gmake -f Makefile cmTC_d94d2/fast
/usr/bin/gmake  -f CMakeFiles/cmTC_d94d2.dir/build.make CMakeFiles/cmTC_d94d2.dir/build
gmake[1]: Entering directory '/home/daniel/Documents/opencv/build/CMakeFiles/CMakeTmp'
Building C object CMakeFiles/cmTC_d94d2.dir/src.c.o
/usr/bin/cc   -O3 -DNDEBUG -fPIE    -fsigned-char -W -Wall -Wreturn-type -Waddress -Wsequence-point -Wformat -Wformat-security -Wmissing-declarations -Wmissing-prototypes -Wstrict-prototypes -Wundef -Winit-self -Wpointer-arith -Wshadow -Wuninitialized -Wno-comment -Wimplicit-fallthrough=3 -Wno-strict-overflow -fdiagnostics-show-option -pthread -fomit-frame-pointer -ffunction-sections -fdata-sections  -msse3 -fvisibility=hidden  -fvisibility-inlines-hidden -o CMakeFiles/cmTC_d94d2.dir/src.c.o -c /home/daniel/Documents/opencv/build/CMakeFiles/CMakeTmp/src.c
cc1: warning: command-line option ‘-fvisibility-inlines-hidden’ is valid for C++/ObjC++ but not for C
/home/daniel/Documents/opencv/build/CMakeFiles/CMakeTmp/src.c:1: warning: ignoring ‘#pragma  ’ [-Wunknown-pragmas]
    1 | #pragma
Linking C executable cmTC_d94d2
/usr/bin/cmake -E cmake_link_script CMakeFiles/cmTC_d94d2.dir/link.txt --verbose=1
/usr/bin/cc -O3 -DNDEBUG CMakeFiles/cmTC_d94d2.dir/src.c.o -o cmTC_d94d2
gmake[1]: Leaving directory '/home/daniel/Documents/opencv/build/CMakeFiles/CMakeTmp'


===== END =====

Build output check failed:
    Regex: 'unrecognized .*option'
    Output line: 'cc1: note: unrecognized command-line option ‘-Wno-implicit-const-int-float-conversion’ may have been intended to silence earlier diagnostics'
Compilation failed:
    source file: '/home/daniel/Documents/opencv/build/CMakeFiles/CMakeTmp/src.c'
    check option: ' -Wno-implicit-const-int-float-conversion'
===== BUILD LOG =====
Change Dir: '/home/daniel/Documents/opencv/build/CMakeFiles/CMakeTmp'

Run Build Command(s): /usr/bin/cmake -E env VERBOSE=1 /usr/bin/gmake -f Makefile cmTC_820b6/fast
/usr/bin/gmake  -f CMakeFiles/cmTC_820b6.dir/build.make CMakeFiles/cmTC_820b6.dir/build
gmake[1]: Entering directory '/home/daniel/Documents/opencv/build/CMakeFiles/CMakeTmp'
Building C object CMakeFiles/cmTC_820b6.dir/src.c.o
/usr/bin/cc   -fsigned-char -W -Wall -Wreturn-type -Waddress -Wsequence-point -Wformat -Wformat-security -Wmissing-declarations -Wmissing-prototypes -Wstrict-prototypes -Wundef -Winit-self -Wpointer-arith -Wshadow -Wuninitialized -Wno-comment -Wimplicit-fallthrough=3 -Wno-strict-overflow -fdiagnostics-show-option -pthread -fomit-frame-pointer -ffunction-sections -fdata-sections  -msse3 -fvisibility=hidden  -O3 -DNDEBUG  -DNDEBUG -fPIE    -Wno-implicit-const-int-float-conversion -o CMakeFiles/cmTC_820b6.dir/src.c.o -c /home/daniel/Documents/opencv/build/CMakeFiles/CMakeTmp/src.c
/home/daniel/Documents/opencv/build/CMakeFiles/CMakeTmp/src.c:1: warning: ignoring ‘#pragma  ’ [-Wunknown-pragmas]
    1 | #pragma
cc1: note: unrecognized command-line option ‘-Wno-implicit-const-int-float-conversion’ may have been intended to silence earlier diagnostics
Linking C executable cmTC_820b6
/usr/bin/cmake -E cmake_link_script CMakeFiles/cmTC_820b6.dir/link.txt --verbose=1
/usr/bin/cc    -fsigned-char -W -Wall -Wreturn-type -Waddress -Wsequence-point -Wformat -Wformat-security -Wmissing-declarations -Wmissing-prototypes -Wstrict-prototypes -Wundef -Winit-self -Wpointer-arith -Wshadow -Wuninitialized -Wno-comment -Wimplicit-fallthrough=3 -Wno-strict-overflow -fdiagnostics-show-option -pthread -fomit-frame-pointer -ffunction-sections -fdata-sections  -msse3 -fvisibility=hidden  -O3 -DNDEBUG  -DNDEBUG   -Wl,--gc-sections -Wl,--as-needed -Wl,--no-undefined  CMakeFiles/cmTC_820b6.dir/src.c.o -o cmTC_820b6
gmake[1]: Leaving directory '/home/daniel/Documents/opencv/build/CMakeFiles/CMakeTmp'


===== END =====

Build output check failed:
    Regex: 'unrecognized .*option'
    Output line: 'cc1: note: unrecognized command-line option ‘-Wno-documentation’ may have been intended to silence earlier diagnostics'
Compilation failed:
    source file: '/home/daniel/Documents/opencv/build/CMakeFiles/CMakeTmp/src.c'
    check option: ' -Wno-documentation'
===== BUILD LOG =====
Change Dir: '/home/daniel/Documents/opencv/build/CMakeFiles/CMakeTmp'

Run Build Command(s): /usr/bin/cmake -E env VERBOSE=1 /usr/bin/gmake -f Makefile cmTC_f3328/fast
/usr/bin/gmake  -f CMakeFiles/cmTC_f3328.dir/build.make CMakeFiles/cmTC_f3328.dir/build
gmake[1]: Entering directory '/home/daniel/Documents/opencv/build/CMakeFiles/CMakeTmp'
Building C object CMakeFiles/cmTC_f3328.dir/src.c.o
/usr/bin/cc   -fsigned-char -W -Wall -Wreturn-type -Waddress -Wsequence-point -Wformat -Wformat-security -Wstrict-prototypes -Wundef -Winit-self -Wpointer-arith -Wshadow -Wuninitialized -Wno-comment -Wimplicit-fallthrough=3 -Wno-strict-overflow -fdiagnostics-show-option -pthread -fomit-frame-pointer -ffunction-sections -fdata-sections  -msse3 -fvisibility=hidden -Wno-unused-but-set-variable -Wno-missing-prototypes -Wno-missing-declarations  -O3 -DNDEBUG  -DNDEBUG -fPIE    -Wno-documentation -o CMakeFiles/cmTC_f3328.dir/src.c.o -c /home/daniel/Documents/opencv/build/CMakeFiles/CMakeTmp/src.c
/home/daniel/Documents/opencv/build/CMakeFiles/CMakeTmp/src.c:1: warning: ignoring ‘#pragma  ’ [-Wunknown-pragmas]
    1 | #pragma
cc1: note: unrecognized command-line option ‘-Wno-documentation’ may have been intended to silence earlier diagnostics
Linking C executable cmTC_f3328
/usr/bin/cmake -E cmake_link_script CMakeFiles/cmTC_f3328.dir/link.txt --verbose=1
/usr/bin/cc    -fsigned-char -W -Wall -Wreturn-type -Waddress -Wsequence-point -Wformat -Wformat-security -Wstrict-prototypes -Wundef -Winit-self -Wpointer-arith -Wshadow -Wuninitialized -Wno-comment -Wimplicit-fallthrough=3 -Wno-strict-overflow -fdiagnostics-show-option -pthread -fomit-frame-pointer -ffunction-sections -fdata-sections  -msse3 -fvisibility=hidden -Wno-unused-but-set-variable -Wno-missing-prototypes -Wno-missing-declarations  -O3 -DNDEBUG  -DNDEBUG   -Wl,--gc-sections -Wl,--as-needed -Wl,--no-undefined  CMakeFiles/cmTC_f3328.dir/src.c.o -o cmTC_f3328
gmake[1]: Leaving directory '/home/daniel/Documents/opencv/build/CMakeFiles/CMakeTmp'


===== END =====

Build output check failed:
    Regex: 'unrecognized .*option'
    Output line: 'cc1plus: note: unrecognized command-line option ‘-Wno-inconsistent-missing-override’ may have been intended to silence earlier diagnostics'
Compilation failed:
    source file: '/home/daniel/Documents/opencv/build/CMakeFiles/CMakeTmp/src.cxx'
    check option: ' -Wno-inconsistent-missing-override'
===== BUILD LOG =====
Change Dir: '/home/daniel/Documents/opencv/build/CMakeFiles/CMakeTmp'

Run Build Command(s): /usr/bin/cmake -E env VERBOSE=1 /usr/bin/gmake -f Makefile cmTC_f9cbf/fast
/usr/bin/gmake  -f CMakeFiles/cmTC_f9cbf.dir/build.make CMakeFiles/cmTC_f9cbf.dir/build
gmake[1]: Entering directory '/home/daniel/Documents/opencv/build/CMakeFiles/CMakeTmp'
Building CXX object CMakeFiles/cmTC_f9cbf.dir/src.cxx.o
/usr/bin/c++   -fsigned-char -W -Wall -Wreturn-type -Wnon-virtual-dtor -Waddress -Wsequence-point -Wformat -Wformat-security -Winit-self -Wpointer-arith -Wsign-promo -Wno-delete-non-virtual-dtor -Wno-comment -Wimplicit-fallthrough=3 -Wno-strict-overflow -fdiagnostics-show-option -pthread -fomit-frame-pointer -ffunction-sections -fdata-sections  -msse3 -fvisibility=hidden -fvisibility-inlines-hidden -Wno-shadow -Wno-unused -Wno-sign-compare -Wno-undef -Wno-missing-declarations -Wno-uninitialized -Wno-switch -Wno-parentheses -Wno-array-bounds -Wno-extra -Wno-deprecated-declarations -Wno-misleading-indentation -Wno-deprecated -Wno-suggest-override  -O3 -DNDEBUG  -DNDEBUG -std=c++11 -fPIE    -Wno-inconsistent-missing-override -o CMakeFiles/cmTC_f9cbf.dir/src.cxx.o -c /home/daniel/Documents/opencv/build/CMakeFiles/CMakeTmp/src.cxx
/home/daniel/Documents/opencv/build/CMakeFiles/CMakeTmp/src.cxx:1: warning: ignoring ‘#pragma  ’ [-Wunknown-pragmas]
    1 | #pragma
cc1plus: note: unrecognized command-line option ‘-Wno-inconsistent-missing-override’ may have been intended to silence earlier diagnostics
Linking CXX executable cmTC_f9cbf
/usr/bin/cmake -E cmake_link_script CMakeFiles/cmTC_f9cbf.dir/link.txt --verbose=1
/usr/bin/c++    -fsigned-char -W -Wall -Wreturn-type -Wnon-virtual-dtor -Waddress -Wsequence-point -Wformat -Wformat-security -Winit-self -Wpointer-arith -Wsign-promo -Wno-delete-non-virtual-dtor -Wno-comment -Wimplicit-fallthrough=3 -Wno-strict-overflow -fdiagnostics-show-option -pthread -fomit-frame-pointer -ffunction-sections -fdata-sections  -msse3 -fvisibility=hidden -fvisibility-inlines-hidden -Wno-shadow -Wno-unused -Wno-sign-compare -Wno-undef -Wno-missing-declarations -Wno-uninitialized -Wno-switch -Wno-parentheses -Wno-array-bounds -Wno-extra -Wno-deprecated-declarations -Wno-misleading-indentation -Wno-deprecated -Wno-suggest-override  -O3 -DNDEBUG  -DNDEBUG   -Wl,--gc-sections -Wl,--as-needed -Wl,--no-undefined  CMakeFiles/cmTC_f9cbf.dir/src.cxx.o -o cmTC_f9cbf
gmake[1]: Leaving directory '/home/daniel/Documents/opencv/build/CMakeFiles/CMakeTmp'


===== END =====

Build output check failed:
    Regex: 'command[- ]line option .* is valid for .* but not for C\+\+'
    Output line: 'cc1plus: warning: command-line option ‘-Wno-missing-prototypes’ is valid for C/ObjC but not for C++'
Compilation failed:
    source file: '/home/daniel/Documents/opencv/build/CMakeFiles/CMakeTmp/src.cxx'
    check option: ' -Wno-missing-prototypes'
===== BUILD LOG =====
Change Dir: '/home/daniel/Documents/opencv/build/CMakeFiles/CMakeTmp'

Run Build Command(s): /usr/bin/cmake -E env VERBOSE=1 /usr/bin/gmake -f Makefile cmTC_56f2e/fast
/usr/bin/gmake  -f CMakeFiles/cmTC_56f2e.dir/build.make CMakeFiles/cmTC_56f2e.dir/build
gmake[1]: Entering directory '/home/daniel/Documents/opencv/build/CMakeFiles/CMakeTmp'
Building CXX object CMakeFiles/cmTC_56f2e.dir/src.cxx.o
/usr/bin/c++   -fsigned-char -W -Wall -Wreturn-type -Wnon-virtual-dtor -Waddress -Wsequence-point -Wformat -Wformat-security -Winit-self -Wpointer-arith -Wsign-promo -Wno-delete-non-virtual-dtor -Wno-comment -Wno-strict-overflow -fdiagnostics-show-option -pthread -fomit-frame-pointer -ffunction-sections -fdata-sections  -msse3 -fvisibility=hidden -fvisibility-inlines-hidden -Wno-shadow -Wno-unused -Wno-sign-compare -Wno-undef -Wno-missing-declarations -Wno-uninitialized -Wno-switch -Wno-parentheses -Wno-array-bounds -Wno-extra -Wno-deprecated-declarations -Wno-misleading-indentation -Wno-deprecated -Wno-suggest-override -Wno-implicit-fallthrough -Wno-tautological-compare  -O3 -DNDEBUG  -DNDEBUG -std=c++11 -fPIE    -Wno-missing-prototypes -o CMakeFiles/cmTC_56f2e.dir/src.cxx.o -c /home/daniel/Documents/opencv/build/CMakeFiles/CMakeTmp/src.cxx
cc1plus: warning: command-line option ‘-Wno-missing-prototypes’ is valid for C/ObjC but not for C++
/home/daniel/Documents/opencv/build/CMakeFiles/CMakeTmp/src.cxx:1: warning: ignoring ‘#pragma  ’ [-Wunknown-pragmas]
    1 | #pragma
Linking CXX executable cmTC_56f2e
/usr/bin/cmake -E cmake_link_script CMakeFiles/cmTC_56f2e.dir/link.txt --verbose=1
/usr/bin/c++    -fsigned-char -W -Wall -Wreturn-type -Wnon-virtual-dtor -Waddress -Wsequence-point -Wformat -Wformat-security -Winit-self -Wpointer-arith -Wsign-promo -Wno-delete-non-virtual-dtor -Wno-comment -Wno-strict-overflow -fdiagnostics-show-option -pthread -fomit-frame-pointer -ffunction-sections -fdata-sections  -msse3 -fvisibility=hidden -fvisibility-inlines-hidden -Wno-shadow -Wno-unused -Wno-sign-compare -Wno-undef -Wno-missing-declarations -Wno-uninitialized -Wno-switch -Wno-parentheses -Wno-array-bounds -Wno-extra -Wno-deprecated-declarations -Wno-misleading-indentation -Wno-deprecated -Wno-suggest-override -Wno-implicit-fallthrough -Wno-tautological-compare  -O3 -DNDEBUG  -DNDEBUG   -Wl,--gc-sections -Wl,--as-needed -Wl,--no-undefined  CMakeFiles/cmTC_56f2e.dir/src.cxx.o -o cmTC_56f2e
gmake[1]: Leaving directory '/home/daniel/Documents/opencv/build/CMakeFiles/CMakeTmp'


===== END =====

Build output check failed:
    Regex: 'unrecognized .*option'
    Output line: 'cc1plus: note: unrecognized command-line option ‘-Wno-implicit-const-int-float-conversion’ may have been intended to silence earlier diagnostics'
Compilation failed:
    source file: '/home/daniel/Documents/opencv/build/CMakeFiles/CMakeTmp/src.cxx'
    check option: ' -Wno-implicit-const-int-float-conversion'
===== BUILD LOG =====
Change Dir: '/home/daniel/Documents/opencv/build/CMakeFiles/CMakeTmp'

Run Build Command(s): /usr/bin/cmake -E env VERBOSE=1 /usr/bin/gmake -f Makefile cmTC_d4ad2/fast
/usr/bin/gmake  -f CMakeFiles/cmTC_d4ad2.dir/build.make CMakeFiles/cmTC_d4ad2.dir/build
gmake[1]: Entering directory '/home/daniel/Documents/opencv/build/CMakeFiles/CMakeTmp'
Building CXX object CMakeFiles/cmTC_d4ad2.dir/src.cxx.o
/usr/bin/c++   -fsigned-char -W -Wall -Wreturn-type -Wnon-virtual-dtor -Waddress -Wsequence-point -Wformat -Wformat-security -Winit-self -Wpointer-arith -Wsign-promo -Wno-delete-non-virtual-dtor -Wno-comment -Wno-strict-overflow -fdiagnostics-show-option -pthread -fomit-frame-pointer -ffunction-sections -fdata-sections  -msse3 -fvisibility=hidden -fvisibility-inlines-hidden -Wno-shadow -Wno-unused -Wno-sign-compare -Wno-undef -Wno-missing-declarations -Wno-uninitialized -Wno-switch -Wno-parentheses -Wno-array-bounds -Wno-extra -Wno-deprecated-declarations -Wno-misleading-indentation -Wno-deprecated -Wno-suggest-override -Wno-implicit-fallthrough -Wno-tautological-compare -Wno-reorder -Wno-unused-result  -O3 -DNDEBUG  -DNDEBUG -std=c++11 -fPIE    -Wno-implicit-const-int-float-conversion -o CMakeFiles/cmTC_d4ad2.dir/src.cxx.o -c /home/daniel/Documents/opencv/build/CMakeFiles/CMakeTmp/src.cxx
/home/daniel/Documents/opencv/build/CMakeFiles/CMakeTmp/src.cxx:1: warning: ignoring ‘#pragma  ’ [-Wunknown-pragmas]
    1 | #pragma
cc1plus: note: unrecognized command-line option ‘-Wno-implicit-const-int-float-conversion’ may have been intended to silence earlier diagnostics
Linking CXX executable cmTC_d4ad2
/usr/bin/cmake -E cmake_link_script CMakeFiles/cmTC_d4ad2.dir/link.txt --verbose=1
/usr/bin/c++    -fsigned-char -W -Wall -Wreturn-type -Wnon-virtual-dtor -Waddress -Wsequence-point -Wformat -Wformat-security -Winit-self -Wpointer-arith -Wsign-promo -Wno-delete-non-virtual-dtor -Wno-comment -Wno-strict-overflow -fdiagnostics-show-option -pthread -fomit-frame-pointer -ffunction-sections -fdata-sections  -msse3 -fvisibility=hidden -fvisibility-inlines-hidden -Wno-shadow -Wno-unused -Wno-sign-compare -Wno-undef -Wno-missing-declarations -Wno-uninitialized -Wno-switch -Wno-parentheses -Wno-array-bounds -Wno-extra -Wno-deprecated-declarations -Wno-misleading-indentation -Wno-deprecated -Wno-suggest-override -Wno-implicit-fallthrough -Wno-tautological-compare -Wno-reorder -Wno-unused-result  -O3 -DNDEBUG  -DNDEBUG   -Wl,--gc-sections -Wl,--as-needed -Wl,--no-undefined  CMakeFiles/cmTC_d4ad2.dir/src.cxx.o -o cmTC_d4ad2
gmake[1]: Leaving directory '/home/daniel/Documents/opencv/build/CMakeFiles/CMakeTmp'


===== END =====

Build output check failed:
    Regex: 'unrecognized .*option'
    Output line: 'cc1plus: note: unrecognized command-line option ‘-Wno-tautological-undefined-compare’ may have been intended to silence earlier diagnostics'
Compilation failed:
    source file: '/home/daniel/Documents/opencv/build/CMakeFiles/CMakeTmp/src.cxx'
    check option: ' -Wno-tautological-undefined-compare'
===== BUILD LOG =====
Change Dir: '/home/daniel/Documents/opencv/build/CMakeFiles/CMakeTmp'

Run Build Command(s): /usr/bin/cmake -E env VERBOSE=1 /usr/bin/gmake -f Makefile cmTC_f00ee/fast
/usr/bin/gmake  -f CMakeFiles/cmTC_f00ee.dir/build.make CMakeFiles/cmTC_f00ee.dir/build
gmake[1]: Entering directory '/home/daniel/Documents/opencv/build/CMakeFiles/CMakeTmp'
Building CXX object CMakeFiles/cmTC_f00ee.dir/src.cxx.o
/usr/bin/c++   -fsigned-char -W -Wall -Wreturn-type -Wnon-virtual-dtor -Waddress -Wsequence-point -Wformat -Wformat-security -Winit-self -Wpointer-arith -Wuninitialized -Wsuggest-override -Wno-delete-non-virtual-dtor -Wno-comment -Wimplicit-fallthrough=3 -Wno-strict-overflow -fdiagnostics-show-option -pthread -fomit-frame-pointer -ffunction-sections -fdata-sections  -msse3 -fvisibility=hidden -fvisibility-inlines-hidden -Wno-deprecated -Wno-missing-declarations -Wno-shadow -Wno-unused-parameter -Wno-unused-local-typedefs -Wno-sign-compare -Wno-sign-promo -Wno-undef  -O3 -DNDEBUG  -DNDEBUG -std=c++11 -fPIE    -Wno-tautological-undefined-compare -o CMakeFiles/cmTC_f00ee.dir/src.cxx.o -c /home/daniel/Documents/opencv/build/CMakeFiles/CMakeTmp/src.cxx
/home/daniel/Documents/opencv/build/CMakeFiles/CMakeTmp/src.cxx:1: warning: ignoring ‘#pragma  ’ [-Wunknown-pragmas]
    1 | #pragma
cc1plus: note: unrecognized command-line option ‘-Wno-tautological-undefined-compare’ may have been intended to silence earlier diagnostics
Linking CXX executable cmTC_f00ee
/usr/bin/cmake -E cmake_link_script CMakeFiles/cmTC_f00ee.dir/link.txt --verbose=1
/usr/bin/c++    -fsigned-char -W -Wall -Wreturn-type -Wnon-virtual-dtor -Waddress -Wsequence-point -Wformat -Wformat-security -Winit-self -Wpointer-arith -Wuninitialized -Wsuggest-override -Wno-delete-non-virtual-dtor -Wno-comment -Wimplicit-fallthrough=3 -Wno-strict-overflow -fdiagnostics-show-option -pthread -fomit-frame-pointer -ffunction-sections -fdata-sections  -msse3 -fvisibility=hidden -fvisibility-inlines-hidden -Wno-deprecated -Wno-missing-declarations -Wno-shadow -Wno-unused-parameter -Wno-unused-local-typedefs -Wno-sign-compare -Wno-sign-promo -Wno-undef  -O3 -DNDEBUG  -DNDEBUG   -Wl,--gc-sections -Wl,--as-needed -Wl,--no-undefined  CMakeFiles/cmTC_f00ee.dir/src.cxx.o -o cmTC_f00ee
gmake[1]: Leaving directory '/home/daniel/Documents/opencv/build/CMakeFiles/CMakeTmp'


===== END =====

Build output check failed:
    Regex: 'unrecognized .*option'
    Output line: 'cc1plus: note: unrecognized command-line option ‘-Wno-shorten-64-to-32’ may have been intended to silence earlier diagnostics'
Compilation failed:
    source file: '/home/daniel/Documents/opencv/build/CMakeFiles/CMakeTmp/src.cxx'
    check option: ' -Wno-shorten-64-to-32'
===== BUILD LOG =====
Change Dir: '/home/daniel/Documents/opencv/build/CMakeFiles/CMakeTmp'

Run Build Command(s): /usr/bin/cmake -E env VERBOSE=1 /usr/bin/gmake -f Makefile cmTC_69723/fast
/usr/bin/gmake  -f CMakeFiles/cmTC_69723.dir/build.make CMakeFiles/cmTC_69723.dir/build
gmake[1]: Entering directory '/home/daniel/Documents/opencv/build/CMakeFiles/CMakeTmp'
Building CXX object CMakeFiles/cmTC_69723.dir/src.cxx.o
/usr/bin/c++   -fsigned-char -W -Wall -Wreturn-type -Wnon-virtual-dtor -Waddress -Wsequence-point -Wformat -Wformat-security -Winit-self -Wpointer-arith -Wuninitialized -Wsuggest-override -Wno-delete-non-virtual-dtor -Wno-comment -Wimplicit-fallthrough=3 -Wno-strict-overflow -fdiagnostics-show-option -pthread -fomit-frame-pointer -ffunction-sections -fdata-sections  -msse3 -fvisibility=hidden -fvisibility-inlines-hidden -Wno-deprecated -Wno-missing-declarations -Wno-shadow -Wno-unused-parameter -Wno-unused-local-typedefs -Wno-sign-compare -Wno-sign-promo -Wno-undef -Wno-ignored-qualifiers -Wno-extra -Wno-unused-function -Wno-unused-const-variable  -O3 -DNDEBUG  -DNDEBUG -std=c++11 -fPIE    -Wno-shorten-64-to-32 -o CMakeFiles/cmTC_69723.dir/src.cxx.o -c /home/daniel/Documents/opencv/build/CMakeFiles/CMakeTmp/src.cxx
/home/daniel/Documents/opencv/build/CMakeFiles/CMakeTmp/src.cxx:1: warning: ignoring ‘#pragma  ’ [-Wunknown-pragmas]
    1 | #pragma
cc1plus: note: unrecognized command-line option ‘-Wno-shorten-64-to-32’ may have been intended to silence earlier diagnostics
Linking CXX executable cmTC_69723
/usr/bin/cmake -E cmake_link_script CMakeFiles/cmTC_69723.dir/link.txt --verbose=1
/usr/bin/c++    -fsigned-char -W -Wall -Wreturn-type -Wnon-virtual-dtor -Waddress -Wsequence-point -Wformat -Wformat-security -Winit-self -Wpointer-arith -Wuninitialized -Wsuggest-override -Wno-delete-non-virtual-dtor -Wno-comment -Wimplicit-fallthrough=3 -Wno-strict-overflow -fdiagnostics-show-option -pthread -fomit-frame-pointer -ffunction-sections -fdata-sections  -msse3 -fvisibility=hidden -fvisibility-inlines-hidden -Wno-deprecated -Wno-missing-declarations -Wno-shadow -Wno-unused-parameter -Wno-unused-local-typedefs -Wno-sign-compare -Wno-sign-promo -Wno-undef -Wno-ignored-qualifiers -Wno-extra -Wno-unused-function -Wno-unused-const-variable  -O3 -DNDEBUG  -DNDEBUG   -Wl,--gc-sections -Wl,--as-needed -Wl,--no-undefined  CMakeFiles/cmTC_69723.dir/src.cxx.o -o cmTC_69723
gmake[1]: Leaving directory '/home/daniel/Documents/opencv/build/CMakeFiles/CMakeTmp'


===== END =====

Build output check failed:
    Regex: 'unrecognized .*option'
    Output line: 'cc1plus: note: unrecognized command-line option ‘-Wno-enum-compare-switch’ may have been intended to silence earlier diagnostics'
Compilation failed:
    source file: '/home/daniel/Documents/opencv/build/CMakeFiles/CMakeTmp/src.cxx'
    check option: ' -Wno-enum-compare-switch'
===== BUILD LOG =====
Change Dir: '/home/daniel/Documents/opencv/build/CMakeFiles/CMakeTmp'

Run Build Command(s): /usr/bin/cmake -E env VERBOSE=1 /usr/bin/gmake -f Makefile cmTC_caa9b/fast
/usr/bin/gmake  -f CMakeFiles/cmTC_caa9b.dir/build.make CMakeFiles/cmTC_caa9b.dir/build
gmake[1]: Entering directory '/home/daniel/Documents/opencv/build/CMakeFiles/CMakeTmp'
Building CXX object CMakeFiles/cmTC_caa9b.dir/src.cxx.o
/usr/bin/c++   -fsigned-char -W -Wall -Wreturn-type -Wnon-virtual-dtor -Waddress -Wsequence-point -Wformat -Wformat-security -Winit-self -Wpointer-arith -Wuninitialized -Wsuggest-override -Wno-delete-non-virtual-dtor -Wno-comment -Wimplicit-fallthrough=3 -Wno-strict-overflow -fdiagnostics-show-option -pthread -fomit-frame-pointer -ffunction-sections -fdata-sections  -msse3 -fvisibility=hidden -fvisibility-inlines-hidden -Wno-deprecated -Wno-missing-declarations -Wno-shadow -Wno-unused-parameter -Wno-unused-local-typedefs -Wno-sign-compare -Wno-sign-promo -Wno-undef -Wno-ignored-qualifiers -Wno-extra -Wno-unused-function -Wno-unused-const-variable -Wno-invalid-offsetof  -O3 -DNDEBUG  -DNDEBUG -std=c++11 -fPIE    -Wno-enum-compare-switch -o CMakeFiles/cmTC_caa9b.dir/src.cxx.o -c /home/daniel/Documents/opencv/build/CMakeFiles/CMakeTmp/src.cxx
/home/daniel/Documents/opencv/build/CMakeFiles/CMakeTmp/src.cxx:1: warning: ignoring ‘#pragma  ’ [-Wunknown-pragmas]
    1 | #pragma
cc1plus: note: unrecognized command-line option ‘-Wno-enum-compare-switch’ may have been intended to silence earlier diagnostics
Linking CXX executable cmTC_caa9b
/usr/bin/cmake -E cmake_link_script CMakeFiles/cmTC_caa9b.dir/link.txt --verbose=1
/usr/bin/c++    -fsigned-char -W -Wall -Wreturn-type -Wnon-virtual-dtor -Waddress -Wsequence-point -Wformat -Wformat-security -Winit-self -Wpointer-arith -Wuninitialized -Wsuggest-override -Wno-delete-non-virtual-dtor -Wno-comment -Wimplicit-fallthrough=3 -Wno-strict-overflow -fdiagnostics-show-option -pthread -fomit-frame-pointer -ffunction-sections -fdata-sections  -msse3 -fvisibility=hidden -fvisibility-inlines-hidden -Wno-deprecated -Wno-missing-declarations -Wno-shadow -Wno-unused-parameter -Wno-unused-local-typedefs -Wno-sign-compare -Wno-sign-promo -Wno-undef -Wno-ignored-qualifiers -Wno-extra -Wno-unused-function -Wno-unused-const-variable -Wno-invalid-offsetof  -O3 -DNDEBUG  -DNDEBUG   -Wl,--gc-sections -Wl,--as-needed -Wl,--no-undefined  CMakeFiles/cmTC_caa9b.dir/src.cxx.o -o cmTC_caa9b
gmake[1]: Leaving directory '/home/daniel/Documents/opencv/build/CMakeFiles/CMakeTmp'


===== END =====

Build output check failed:
    Regex: 'unrecognized .*option'
    Output line: 'cc1plus: note: unrecognized command-line option ‘-Wno-comma’ may have been intended to silence earlier diagnostics'
Compilation failed:
    source file: '/home/daniel/Documents/opencv/build/CMakeFiles/CMakeTmp/src.cxx'
    check option: ' -Wno-comma'
===== BUILD LOG =====
Change Dir: '/home/daniel/Documents/opencv/build/CMakeFiles/CMakeTmp'

Run Build Command(s): /usr/bin/cmake -E env VERBOSE=1 /usr/bin/gmake -f Makefile cmTC_8f39e/fast
/usr/bin/gmake  -f CMakeFiles/cmTC_8f39e.dir/build.make CMakeFiles/cmTC_8f39e.dir/build
gmake[1]: Entering directory '/home/daniel/Documents/opencv/build/CMakeFiles/CMakeTmp'
Building CXX object CMakeFiles/cmTC_8f39e.dir/src.cxx.o
/usr/bin/c++   -fsigned-char -W -Wall -Wreturn-type -Wnon-virtual-dtor -Waddress -Wsequence-point -Wformat -Wformat-security -Winit-self -Wpointer-arith -Wuninitialized -Wno-delete-non-virtual-dtor -Wno-comment -Wno-strict-overflow -fdiagnostics-show-option -pthread -fomit-frame-pointer -ffunction-sections -fdata-sections  -msse3 -fvisibility=hidden -fvisibility-inlines-hidden -Wno-deprecated -Wno-missing-declarations -Wno-shadow -Wno-unused-parameter -Wno-unused-local-typedefs -Wno-sign-compare -Wno-sign-promo -Wno-undef -Wno-ignored-qualifiers -Wno-extra -Wno-unused-function -Wno-unused-const-variable -Wno-invalid-offsetof -Wno-suggest-override -Wno-implicit-fallthrough -Wno-array-bounds -Wno-stringop-overflow -Wno-stringop-overread -Wno-extra-semi  -O3 -DNDEBUG  -DNDEBUG -std=c++11 -fPIE    -Wno-comma -o CMakeFiles/cmTC_8f39e.dir/src.cxx.o -c /home/daniel/Documents/opencv/build/CMakeFiles/CMakeTmp/src.cxx
/home/daniel/Documents/opencv/build/CMakeFiles/CMakeTmp/src.cxx:1: warning: ignoring ‘#pragma  ’ [-Wunknown-pragmas]
    1 | #pragma
cc1plus: note: unrecognized command-line option ‘-Wno-comma’ may have been intended to silence earlier diagnostics
Linking CXX executable cmTC_8f39e
/usr/bin/cmake -E cmake_link_script CMakeFiles/cmTC_8f39e.dir/link.txt --verbose=1
/usr/bin/c++    -fsigned-char -W -Wall -Wreturn-type -Wnon-virtual-dtor -Waddress -Wsequence-point -Wformat -Wformat-security -Winit-self -Wpointer-arith -Wuninitialized -Wno-delete-non-virtual-dtor -Wno-comment -Wno-strict-overflow -fdiagnostics-show-option -pthread -fomit-frame-pointer -ffunction-sections -fdata-sections  -msse3 -fvisibility=hidden -fvisibility-inlines-hidden -Wno-deprecated -Wno-missing-declarations -Wno-shadow -Wno-unused-parameter -Wno-unused-local-typedefs -Wno-sign-compare -Wno-sign-promo -Wno-undef -Wno-ignored-qualifiers -Wno-extra -Wno-unused-function -Wno-unused-const-variable -Wno-invalid-offsetof -Wno-suggest-override -Wno-implicit-fallthrough -Wno-array-bounds -Wno-stringop-overflow -Wno-stringop-overread -Wno-extra-semi  -O3 -DNDEBUG  -DNDEBUG   -Wl,--gc-sections -Wl,--as-needed -Wl,--no-undefined  CMakeFiles/cmTC_8f39e.dir/src.cxx.o -o cmTC_8f39e
gmake[1]: Leaving directory '/home/daniel/Documents/opencv/build/CMakeFiles/CMakeTmp'


===== END =====

Build output check failed:
    Regex: 'command[- ]line option .* is valid for .* but not for C'
    Output line: 'cc1: warning: command-line option ‘-Wnon-virtual-dtor’ is valid for C++/ObjC++ but not for C'
Compilation failed:
    source file: '/home/daniel/Documents/opencv/build/CMakeFiles/CMakeTmp/src.c'
    check option: ' -fsigned-char -W -Wall -Wreturn-type  -Wnon-virtual-dtor'
===== BUILD LOG =====
Change Dir: '/home/daniel/Documents/opencv/build/CMakeFiles/CMakeTmp'

Run Build Command(s): /usr/bin/cmake -E env VERBOSE=1 /usr/bin/gmake -f Makefile cmTC_9dba3/fast
/usr/bin/gmake  -f CMakeFiles/cmTC_9dba3.dir/build.make CMakeFiles/cmTC_9dba3.dir/build
gmake[1]: Entering directory '/home/daniel/Documents/opencv/build/CMakeFiles/CMakeTmp'
Building C object CMakeFiles/cmTC_9dba3.dir/src.c.o
/usr/bin/cc   -g -fPIE    -fsigned-char -W -Wall -Wreturn-type  -Wnon-virtual-dtor -o CMakeFiles/cmTC_9dba3.dir/src.c.o -c /home/daniel/Documents/opencv/build/CMakeFiles/CMakeTmp/src.c
cc1: warning: command-line option ‘-Wnon-virtual-dtor’ is valid for C++/ObjC++ but not for C
/home/daniel/Documents/opencv/build/CMakeFiles/CMakeTmp/src.c:1: warning: ignoring ‘#pragma  ’ [-Wunknown-pragmas]
    1 | #pragma
Linking C executable cmTC_9dba3
/usr/bin/cmake -E cmake_link_script CMakeFiles/cmTC_9dba3.dir/link.txt --verbose=1
/usr/bin/cc -g CMakeFiles/cmTC_9dba3.dir/src.c.o -o cmTC_9dba3
gmake[1]: Leaving directory '/home/daniel/Documents/opencv/build/CMakeFiles/CMakeTmp'


===== END =====

Build output check failed:
    Regex: 'command[- ]line option .* is valid for .* but not for C\+\+'
    Output line: 'cc1plus: warning: command-line option ‘-Wmissing-prototypes’ is valid for C/ObjC but not for C++'
Compilation failed:
    source file: '/home/daniel/Documents/opencv/build/CMakeFiles/CMakeTmp/src.cxx'
    check option: ' -fsigned-char -W -Wall -Wreturn-type -Wnon-virtual-dtor -Waddress -Wsequence-point -Wformat -Wformat-security -Wmissing-declarations  -Wmissing-prototypes'
===== BUILD LOG =====
Change Dir: '/home/daniel/Documents/opencv/build/CMakeFiles/CMakeTmp'

Run Build Command(s): /usr/bin/cmake -E env VERBOSE=1 /usr/bin/gmake -f Makefile cmTC_16cc3/fast
/usr/bin/gmake  -f CMakeFiles/cmTC_16cc3.dir/build.make CMakeFiles/cmTC_16cc3.dir/build
gmake[1]: Entering directory '/home/daniel/Documents/opencv/build/CMakeFiles/CMakeTmp'
Building CXX object CMakeFiles/cmTC_16cc3.dir/src.cxx.o
/usr/bin/c++   -g -std=c++11 -fPIE    -fsigned-char -W -Wall -Wreturn-type -Wnon-virtual-dtor -Waddress -Wsequence-point -Wformat -Wformat-security -Wmissing-declarations  -Wmissing-prototypes -o CMakeFiles/cmTC_16cc3.dir/src.cxx.o -c /home/daniel/Documents/opencv/build/CMakeFiles/CMakeTmp/src.cxx
cc1plus: warning: command-line option ‘-Wmissing-prototypes’ is valid for C/ObjC but not for C++
/home/daniel/Documents/opencv/build/CMakeFiles/CMakeTmp/src.cxx:1: warning: ignoring ‘#pragma  ’ [-Wunknown-pragmas]
    1 | #pragma
Linking CXX executable cmTC_16cc3
/usr/bin/cmake -E cmake_link_script CMakeFiles/cmTC_16cc3.dir/link.txt --verbose=1
/usr/bin/c++ -g CMakeFiles/cmTC_16cc3.dir/src.cxx.o -o cmTC_16cc3
gmake[1]: Leaving directory '/home/daniel/Documents/opencv/build/CMakeFiles/CMakeTmp'


===== END =====

Build output check failed:
    Regex: 'command[- ]line option .* is valid for .* but not for C\+\+'
    Output line: 'cc1plus: warning: command-line option ‘-Wstrict-prototypes’ is valid for C/ObjC but not for C++'
Compilation failed:
    source file: '/home/daniel/Documents/opencv/build/CMakeFiles/CMakeTmp/src.cxx'
    check option: ' -fsigned-char -W -Wall -Wreturn-type -Wnon-virtual-dtor -Waddress -Wsequence-point -Wformat -Wformat-security -Wmissing-declarations  -Wstrict-prototypes'
===== BUILD LOG =====
Change Dir: '/home/daniel/Documents/opencv/build/CMakeFiles/CMakeTmp'

Run Build Command(s): /usr/bin/cmake -E env VERBOSE=1 /usr/bin/gmake -f Makefile cmTC_ca43d/fast
/usr/bin/gmake  -f CMakeFiles/cmTC_ca43d.dir/build.make CMakeFiles/cmTC_ca43d.dir/build
gmake[1]: Entering directory '/home/daniel/Documents/opencv/build/CMakeFiles/CMakeTmp'
Building CXX object CMakeFiles/cmTC_ca43d.dir/src.cxx.o
/usr/bin/c++   -g -std=c++11 -fPIE    -fsigned-char -W -Wall -Wreturn-type -Wnon-virtual-dtor -Waddress -Wsequence-point -Wformat -Wformat-security -Wmissing-declarations  -Wstrict-prototypes -o CMakeFiles/cmTC_ca43d.dir/src.cxx.o -c /home/daniel/Documents/opencv/build/CMakeFiles/CMakeTmp/src.cxx
cc1plus: warning: command-line option ‘-Wstrict-prototypes’ is valid for C/ObjC but not for C++
/home/daniel/Documents/opencv/build/CMakeFiles/CMakeTmp/src.cxx:1: warning: ignoring ‘#pragma  ’ [-Wunknown-pragmas]
    1 | #pragma
Linking CXX executable cmTC_ca43d
/usr/bin/cmake -E cmake_link_script CMakeFiles/cmTC_ca43d.dir/link.txt --verbose=1
/usr/bin/c++ -g CMakeFiles/cmTC_ca43d.dir/src.cxx.o -o cmTC_ca43d
gmake[1]: Leaving directory '/home/daniel/Documents/opencv/build/CMakeFiles/CMakeTmp'


===== END =====

Build output check failed:
    Regex: 'command[- ]line option .* is valid for .* but not for C'
    Output line: 'cc1: warning: command-line option ‘-Wsign-promo’ is valid for C++/ObjC++ but not for C'
Compilation failed:
    source file: '/home/daniel/Documents/opencv/build/CMakeFiles/CMakeTmp/src.c'
    check option: ' -fsigned-char -W -Wall -Wreturn-type -Waddress -Wsequence-point -Wformat -Wformat-security -Wmissing-declarations -Wmissing-prototypes -Wstrict-prototypes -Wundef -Winit-self -Wpointer-arith -Wshadow  -Wsign-promo'
===== BUILD LOG =====
Change Dir: '/home/daniel/Documents/opencv/build/CMakeFiles/CMakeTmp'

Run Build Command(s): /usr/bin/cmake -E env VERBOSE=1 /usr/bin/gmake -f Makefile cmTC_caf21/fast
/usr/bin/gmake  -f CMakeFiles/cmTC_caf21.dir/build.make CMakeFiles/cmTC_caf21.dir/build
gmake[1]: Entering directory '/home/daniel/Documents/opencv/build/CMakeFiles/CMakeTmp'
Building C object CMakeFiles/cmTC_caf21.dir/src.c.o
/usr/bin/cc   -g -fPIE    -fsigned-char -W -Wall -Wreturn-type -Waddress -Wsequence-point -Wformat -Wformat-security -Wmissing-declarations -Wmissing-prototypes -Wstrict-prototypes -Wundef -Winit-self -Wpointer-arith -Wshadow  -Wsign-promo -o CMakeFiles/cmTC_caf21.dir/src.c.o -c /home/daniel/Documents/opencv/build/CMakeFiles/CMakeTmp/src.c
cc1: warning: command-line option ‘-Wsign-promo’ is valid for C++/ObjC++ but not for C
/home/daniel/Documents/opencv/build/CMakeFiles/CMakeTmp/src.c:1: warning: ignoring ‘#pragma  ’ [-Wunknown-pragmas]
    1 | #pragma
Linking C executable cmTC_caf21
/usr/bin/cmake -E cmake_link_script CMakeFiles/cmTC_caf21.dir/link.txt --verbose=1
/usr/bin/cc -g CMakeFiles/cmTC_caf21.dir/src.c.o -o cmTC_caf21
gmake[1]: Leaving directory '/home/daniel/Documents/opencv/build/CMakeFiles/CMakeTmp'


===== END =====

Build output check failed:
    Regex: 'command[- ]line option .* is valid for .* but not for C'
    Output line: 'cc1: warning: command-line option ‘-Wsuggest-override’ is valid for C++/ObjC++ but not for C'
Compilation failed:
    source file: '/home/daniel/Documents/opencv/build/CMakeFiles/CMakeTmp/src.c'
    check option: ' -fsigned-char -W -Wall -Wreturn-type -Waddress -Wsequence-point -Wformat -Wformat-security -Wmissing-declarations -Wmissing-prototypes -Wstrict-prototypes -Wundef -Winit-self -Wpointer-arith -Wshadow -Wuninitialized  -Wsuggest-override'
===== BUILD LOG =====
Change Dir: '/home/daniel/Documents/opencv/build/CMakeFiles/CMakeTmp'

Run Build Command(s): /usr/bin/cmake -E env VERBOSE=1 /usr/bin/gmake -f Makefile cmTC_7d8b2/fast
/usr/bin/gmake  -f CMakeFiles/cmTC_7d8b2.dir/build.make CMakeFiles/cmTC_7d8b2.dir/build
gmake[1]: Entering directory '/home/daniel/Documents/opencv/build/CMakeFiles/CMakeTmp'
Building C object CMakeFiles/cmTC_7d8b2.dir/src.c.o
/usr/bin/cc   -g -fPIE    -fsigned-char -W -Wall -Wreturn-type -Waddress -Wsequence-point -Wformat -Wformat-security -Wmissing-declarations -Wmissing-prototypes -Wstrict-prototypes -Wundef -Winit-self -Wpointer-arith -Wshadow -Wuninitialized  -Wsuggest-override -o CMakeFiles/cmTC_7d8b2.dir/src.c.o -c /home/daniel/Documents/opencv/build/CMakeFiles/CMakeTmp/src.c
cc1: warning: command-line option ‘-Wsuggest-override’ is valid for C++/ObjC++ but not for C
/home/daniel/Documents/opencv/build/CMakeFiles/CMakeTmp/src.c:1: warning: ignoring ‘#pragma  ’ [-Wunknown-pragmas]
    1 | #pragma
Linking C executable cmTC_7d8b2
/usr/bin/cmake -E cmake_link_script CMakeFiles/cmTC_7d8b2.dir/link.txt --verbose=1
/usr/bin/cc -g CMakeFiles/cmTC_7d8b2.dir/src.c.o -o cmTC_7d8b2
gmake[1]: Leaving directory '/home/daniel/Documents/opencv/build/CMakeFiles/CMakeTmp'


===== END =====

Build output check failed:
    Regex: 'command[- ]line option .* is valid for .* but not for C'
    Output line: 'cc1: warning: command-line option ‘-Wno-delete-non-virtual-dtor’ is valid for C++/ObjC++ but not for C'
Compilation failed:
    source file: '/home/daniel/Documents/opencv/build/CMakeFiles/CMakeTmp/src.c'
    check option: ' -fsigned-char -W -Wall -Wreturn-type -Waddress -Wsequence-point -Wformat -Wformat-security -Wmissing-declarations -Wmissing-prototypes -Wstrict-prototypes -Wundef -Winit-self -Wpointer-arith -Wshadow -Wuninitialized  -Wno-delete-non-virtual-dtor'
===== BUILD LOG =====
Change Dir: '/home/daniel/Documents/opencv/build/CMakeFiles/CMakeTmp'

Run Build Command(s): /usr/bin/cmake -E env VERBOSE=1 /usr/bin/gmake -f Makefile cmTC_570b5/fast
/usr/bin/gmake  -f CMakeFiles/cmTC_570b5.dir/build.make CMakeFiles/cmTC_570b5.dir/build
gmake[1]: Entering directory '/home/daniel/Documents/opencv/build/CMakeFiles/CMakeTmp'
Building C object CMakeFiles/cmTC_570b5.dir/src.c.o
/usr/bin/cc   -g -fPIE    -fsigned-char -W -Wall -Wreturn-type -Waddress -Wsequence-point -Wformat -Wformat-security -Wmissing-declarations -Wmissing-prototypes -Wstrict-prototypes -Wundef -Winit-self -Wpointer-arith -Wshadow -Wuninitialized  -Wno-delete-non-virtual-dtor -o CMakeFiles/cmTC_570b5.dir/src.c.o -c /home/daniel/Documents/opencv/build/CMakeFiles/CMakeTmp/src.c
cc1: warning: command-line option ‘-Wno-delete-non-virtual-dtor’ is valid for C++/ObjC++ but not for C
/home/daniel/Documents/opencv/build/CMakeFiles/CMakeTmp/src.c:1: warning: ignoring ‘#pragma  ’ [-Wunknown-pragmas]
    1 | #pragma
Linking C executable cmTC_570b5
/usr/bin/cmake -E cmake_link_script CMakeFiles/cmTC_570b5.dir/link.txt --verbose=1
/usr/bin/cc -g CMakeFiles/cmTC_570b5.dir/src.c.o -o cmTC_570b5
gmake[1]: Leaving directory '/home/daniel/Documents/opencv/build/CMakeFiles/CMakeTmp'


===== END =====

Build output check failed:
    Regex: 'unrecognized .*option'
    Output line: 'cc1plus: note: unrecognized command-line option ‘-Wno-unnamed-type-template-args’ may have been intended to silence earlier diagnostics'
Compilation failed:
    source file: '/home/daniel/Documents/opencv/build/CMakeFiles/CMakeTmp/src.cxx'
    check option: ' -fsigned-char -W -Wall -Wreturn-type -Wnon-virtual-dtor -Waddress -Wsequence-point -Wformat -Wformat-security -Wmissing-declarations -Wundef -Winit-self -Wpointer-arith -Wshadow -Wsign-promo -Wuninitialized -Wsuggest-override -Wno-delete-non-virtual-dtor  -Wno-unnamed-type-template-args'
===== BUILD LOG =====
Change Dir: '/home/daniel/Documents/opencv/build/CMakeFiles/CMakeTmp'

Run Build Command(s): /usr/bin/cmake -E env VERBOSE=1 /usr/bin/gmake -f Makefile cmTC_76f71/fast
/usr/bin/gmake  -f CMakeFiles/cmTC_76f71.dir/build.make CMakeFiles/cmTC_76f71.dir/build
gmake[1]: Entering directory '/home/daniel/Documents/opencv/build/CMakeFiles/CMakeTmp'
Building CXX object CMakeFiles/cmTC_76f71.dir/src.cxx.o
/usr/bin/c++   -g -std=c++11 -fPIE    -fsigned-char -W -Wall -Wreturn-type -Wnon-virtual-dtor -Waddress -Wsequence-point -Wformat -Wformat-security -Wmissing-declarations -Wundef -Winit-self -Wpointer-arith -Wshadow -Wsign-promo -Wuninitialized -Wsuggest-override -Wno-delete-non-virtual-dtor  -Wno-unnamed-type-template-args -o CMakeFiles/cmTC_76f71.dir/src.cxx.o -c /home/daniel/Documents/opencv/build/CMakeFiles/CMakeTmp/src.cxx
/home/daniel/Documents/opencv/build/CMakeFiles/CMakeTmp/src.cxx:1: warning: ignoring ‘#pragma  ’ [-Wunknown-pragmas]
    1 | #pragma
cc1plus: note: unrecognized command-line option ‘-Wno-unnamed-type-template-args’ may have been intended to silence earlier diagnostics
Linking CXX executable cmTC_76f71
/usr/bin/cmake -E cmake_link_script CMakeFiles/cmTC_76f71.dir/link.txt --verbose=1
/usr/bin/c++ -g CMakeFiles/cmTC_76f71.dir/src.cxx.o -o cmTC_76f71
gmake[1]: Leaving directory '/home/daniel/Documents/opencv/build/CMakeFiles/CMakeTmp'


===== END =====

Build output check failed:
    Regex: 'unrecognized .*option'
    Output line: 'cc1: note: unrecognized command-line option ‘-Wno-unnamed-type-template-args’ may have been intended to silence earlier diagnostics'
Compilation failed:
    source file: '/home/daniel/Documents/opencv/build/CMakeFiles/CMakeTmp/src.c'
    check option: ' -fsigned-char -W -Wall -Wreturn-type -Waddress -Wsequence-point -Wformat -Wformat-security -Wmissing-declarations -Wmissing-prototypes -Wstrict-prototypes -Wundef -Winit-self -Wpointer-arith -Wshadow -Wuninitialized  -Wno-unnamed-type-template-args'
===== BUILD LOG =====
Change Dir: '/home/daniel/Documents/opencv/build/CMakeFiles/CMakeTmp'

Run Build Command(s): /usr/bin/cmake -E env VERBOSE=1 /usr/bin/gmake -f Makefile cmTC_75d32/fast
/usr/bin/gmake  -f CMakeFiles/cmTC_75d32.dir/build.make CMakeFiles/cmTC_75d32.dir/build
gmake[1]: Entering directory '/home/daniel/Documents/opencv/build/CMakeFiles/CMakeTmp'
Building C object CMakeFiles/cmTC_75d32.dir/src.c.o
/usr/bin/cc   -g -fPIE    -fsigned-char -W -Wall -Wreturn-type -Waddress -Wsequence-point -Wformat -Wformat-security -Wmissing-declarations -Wmissing-prototypes -Wstrict-prototypes -Wundef -Winit-self -Wpointer-arith -Wshadow -Wuninitialized  -Wno-unnamed-type-template-args -o CMakeFiles/cmTC_75d32.dir/src.c.o -c /home/daniel/Documents/opencv/build/CMakeFiles/CMakeTmp/src.c
/home/daniel/Documents/opencv/build/CMakeFiles/CMakeTmp/src.c:1: warning: ignoring ‘#pragma  ’ [-Wunknown-pragmas]
    1 | #pragma
cc1: note: unrecognized command-line option ‘-Wno-unnamed-type-template-args’ may have been intended to silence earlier diagnostics
Linking C executable cmTC_75d32
/usr/bin/cmake -E cmake_link_script CMakeFiles/cmTC_75d32.dir/link.txt --verbose=1
/usr/bin/cc -g CMakeFiles/cmTC_75d32.dir/src.c.o -o cmTC_75d32
gmake[1]: Leaving directory '/home/daniel/Documents/opencv/build/CMakeFiles/CMakeTmp'


===== END =====

Compilation failed:
    source file: '/home/daniel/Documents/opencv/opencv-4.x/cmake/checks/cpu_sse3.cpp'
    check option: ''
===== BUILD LOG =====
Change Dir: '/home/daniel/Documents/opencv/build/CMakeFiles/CMakeTmp'

Run Build Command(s): /usr/bin/cmake -E env VERBOSE=1 /usr/bin/gmake -f Makefile cmTC_e38e9/fast
/usr/bin/gmake  -f CMakeFiles/cmTC_e38e9.dir/build.make CMakeFiles/cmTC_e38e9.dir/build
gmake[1]: Entering directory '/home/daniel/Documents/opencv/build/CMakeFiles/CMakeTmp'
Building CXX object CMakeFiles/cmTC_e38e9.dir/cpu_sse3.cpp.o
/usr/bin/c++   -g -std=c++11 -fPIE -o CMakeFiles/cmTC_e38e9.dir/cpu_sse3.cpp.o -c /home/daniel/Documents/opencv/opencv-4.x/cmake/checks/cpu_sse3.cpp
In file included from /home/daniel/Documents/opencv/opencv-4.x/cmake/checks/cpu_sse3.cpp:1:
/usr/lib/gcc/x86_64-redhat-linux/14/include/pmmintrin.h: In function ‘int main()’:
/usr/lib/gcc/x86_64-redhat-linux/14/include/pmmintrin.h:75:1: error: inlining failed in call to ‘always_inline’ ‘__m128 _mm_moveldup_ps(__m128)’: target specific option mismatch
   75 | _mm_moveldup_ps (__m128 __X)
      | ^~~~~~~~~~~~~~~
/home/daniel/Documents/opencv/opencv-4.x/cmake/checks/cpu_sse3.cpp:5:24: note: called from here
    5 |     v = _mm_moveldup_ps(u); // SSE3
      |         ~~~~~~~~~~~~~~~^~~
/usr/lib/gcc/x86_64-redhat-linux/14/include/pmmintrin.h:75:1: error: inlining failed in call to ‘always_inline’ ‘__m128 _mm_moveldup_ps(__m128)’: target specific option mismatch
   75 | _mm_moveldup_ps (__m128 __X)
      | ^~~~~~~~~~~~~~~
/home/daniel/Documents/opencv/opencv-4.x/cmake/checks/cpu_sse3.cpp:5:24: note: called from here
    5 |     v = _mm_moveldup_ps(u); // SSE3
      |         ~~~~~~~~~~~~~~~^~~
gmake[1]: *** [CMakeFiles/cmTC_e38e9.dir/build.make:78: CMakeFiles/cmTC_e38e9.dir/cpu_sse3.cpp.o] Error 1
gmake[1]: Leaving directory '/home/daniel/Documents/opencv/build/CMakeFiles/CMakeTmp'
gmake: *** [Makefile:127: cmTC_e38e9/fast] Error 2


===== END =====

Build output check failed:
    Regex: 'command[- ]line option .* is valid for .* but not for C'
    Output line: 'cc1: warning: command-line option ‘-fvisibility-inlines-hidden’ is valid for C++/ObjC++ but not for C'
Compilation failed:
    source file: '/home/daniel/Documents/opencv/build/CMakeFiles/CMakeTmp/src.c'
    check option: ' -fsigned-char -W -Wall -Wreturn-type -Waddress -Wsequence-point -Wformat -Wformat-security -Wmissing-declarations -Wmissing-prototypes -Wstrict-prototypes -Wundef -Winit-self -Wpointer-arith -Wshadow -Wuninitialized -Wno-comment -Wimplicit-fallthrough=3 -Wno-strict-overflow -fdiagnostics-show-option -pthread -fomit-frame-pointer -ffunction-sections -fdata-sections  -msse3 -fvisibility=hidden  -fvisibility-inlines-hidden'
===== BUILD LOG =====
Change Dir: '/home/daniel/Documents/opencv/build/CMakeFiles/CMakeTmp'

Run Build Command(s): /usr/bin/cmake -E env VERBOSE=1 /usr/bin/gmake -f Makefile cmTC_857cb/fast
/usr/bin/gmake  -f CMakeFiles/cmTC_857cb.dir/build.make CMakeFiles/cmTC_857cb.dir/build
gmake[1]: Entering directory '/home/daniel/Documents/opencv/build/CMakeFiles/CMakeTmp'
Building C object CMakeFiles/cmTC_857cb.dir/src.c.o
/usr/bin/cc   -g -fPIE    -fsigned-char -W -Wall -Wreturn-type -Waddress -Wsequence-point -Wformat -Wformat-security -Wmissing-declarations -Wmissing-prototypes -Wstrict-prototypes -Wundef -Winit-self -Wpointer-arith -Wshadow -Wuninitialized -Wno-comment -Wimplicit-fallthrough=3 -Wno-strict-overflow -fdiagnostics-show-option -pthread -fomit-frame-pointer -ffunction-sections -fdata-sections  -msse3 -fvisibility=hidden  -fvisibility-inlines-hidden -o CMakeFiles/cmTC_857cb.dir/src.c.o -c /home/daniel/Documents/opencv/build/CMakeFiles/CMakeTmp/src.c
cc1: warning: command-line option ‘-fvisibility-inlines-hidden’ is valid for C++/ObjC++ but not for C
/home/daniel/Documents/opencv/build/CMakeFiles/CMakeTmp/src.c:1: warning: ignoring ‘#pragma  ’ [-Wunknown-pragmas]
    1 | #pragma
Linking C executable cmTC_857cb
/usr/bin/cmake -E cmake_link_script CMakeFiles/cmTC_857cb.dir/link.txt --verbose=1
/usr/bin/cc -g CMakeFiles/cmTC_857cb.dir/src.c.o -o cmTC_857cb
gmake[1]: Leaving directory '/home/daniel/Documents/opencv/build/CMakeFiles/CMakeTmp'


===== END =====

Build output check failed:
    Regex: 'unrecognized .*option'
    Output line: 'cc1: note: unrecognized command-line option ‘-Wno-implicit-const-int-float-conversion’ may have been intended to silence earlier diagnostics'
Compilation failed:
    source file: '/home/daniel/Documents/opencv/build/CMakeFiles/CMakeTmp/src.c'
    check option: ' -Wno-implicit-const-int-float-conversion'
===== BUILD LOG =====
Change Dir: '/home/daniel/Documents/opencv/build/CMakeFiles/CMakeTmp'

Run Build Command(s): /usr/bin/cmake -E env VERBOSE=1 /usr/bin/gmake -f Makefile cmTC_43bf0/fast
/usr/bin/gmake  -f CMakeFiles/cmTC_43bf0.dir/build.make CMakeFiles/cmTC_43bf0.dir/build
gmake[1]: Entering directory '/home/daniel/Documents/opencv/build/CMakeFiles/CMakeTmp'
Building C object CMakeFiles/cmTC_43bf0.dir/src.c.o
/usr/bin/cc   -fsigned-char -W -Wall -Wreturn-type -Waddress -Wsequence-point -Wformat -Wformat-security -Wmissing-declarations -Wmissing-prototypes -Wstrict-prototypes -Wundef -Winit-self -Wpointer-arith -Wshadow -Wuninitialized -Wno-comment -Wimplicit-fallthrough=3 -Wno-strict-overflow -fdiagnostics-show-option -pthread -fomit-frame-pointer -ffunction-sections -fdata-sections  -msse3 -fvisibility=hidden  -g  -O0 -DDEBUG -D_DEBUG -fPIE    -Wno-implicit-const-int-float-conversion -o CMakeFiles/cmTC_43bf0.dir/src.c.o -c /home/daniel/Documents/opencv/build/CMakeFiles/CMakeTmp/src.c
/home/daniel/Documents/opencv/build/CMakeFiles/CMakeTmp/src.c:1: warning: ignoring ‘#pragma  ’ [-Wunknown-pragmas]
    1 | #pragma
cc1: note: unrecognized command-line option ‘-Wno-implicit-const-int-float-conversion’ may have been intended to silence earlier diagnostics
Linking C executable cmTC_43bf0
/usr/bin/cmake -E cmake_link_script CMakeFiles/cmTC_43bf0.dir/link.txt --verbose=1
/usr/bin/cc    -fsigned-char -W -Wall -Wreturn-type -Waddress -Wsequence-point -Wformat -Wformat-security -Wmissing-declarations -Wmissing-prototypes -Wstrict-prototypes -Wundef -Winit-self -Wpointer-arith -Wshadow -Wuninitialized -Wno-comment -Wimplicit-fallthrough=3 -Wno-strict-overflow -fdiagnostics-show-option -pthread -fomit-frame-pointer -ffunction-sections -fdata-sections  -msse3 -fvisibility=hidden  -g  -O0 -DDEBUG -D_DEBUG   -Wl,--gc-sections -Wl,--as-needed -Wl,--no-undefined  CMakeFiles/cmTC_43bf0.dir/src.c.o -o cmTC_43bf0
gmake[1]: Leaving directory '/home/daniel/Documents/opencv/build/CMakeFiles/CMakeTmp'


===== END =====

Build output check failed:
    Regex: 'unrecognized .*option'
    Output line: 'cc1: note: unrecognized command-line option ‘-Wno-documentation’ may have been intended to silence earlier diagnostics'
Compilation failed:
    source file: '/home/daniel/Documents/opencv/build/CMakeFiles/CMakeTmp/src.c'
    check option: ' -Wno-documentation'
===== BUILD LOG =====
Change Dir: '/home/daniel/Documents/opencv/build/CMakeFiles/CMakeTmp'

Run Build Command(s): /usr/bin/cmake -E env VERBOSE=1 /usr/bin/gmake -f Makefile cmTC_f9261/fast
/usr/bin/gmake  -f CMakeFiles/cmTC_f9261.dir/build.make CMakeFiles/cmTC_f9261.dir/build
gmake[1]: Entering directory '/home/daniel/Documents/opencv/build/CMakeFiles/CMakeTmp'
Building C object CMakeFiles/cmTC_f9261.dir/src.c.o
/usr/bin/cc   -fsigned-char -W -Wall -Wreturn-type -Waddress -Wsequence-point -Wformat -Wformat-security -Wstrict-prototypes -Wundef -Winit-self -Wpointer-arith -Wshadow -Wuninitialized -Wno-comment -Wimplicit-fallthrough=3 -Wno-strict-overflow -fdiagnostics-show-option -pthread -fomit-frame-pointer -ffunction-sections -fdata-sections  -msse3 -fvisibility=hidden -Wno-unused-but-set-variable -Wno-missing-prototypes -Wno-missing-declarations  -g  -O0 -DDEBUG -D_DEBUG -fPIE    -Wno-documentation -o CMakeFiles/cmTC_f9261.dir/src.c.o -c /home/daniel/Documents/opencv/build/CMakeFiles/CMakeTmp/src.c
/home/daniel/Documents/opencv/build/CMakeFiles/CMakeTmp/src.c:1: warning: ignoring ‘#pragma  ’ [-Wunknown-pragmas]
    1 | #pragma
cc1: note: unrecognized command-line option ‘-Wno-documentation’ may have been intended to silence earlier diagnostics
Linking C executable cmTC_f9261
/usr/bin/cmake -E cmake_link_script CMakeFiles/cmTC_f9261.dir/link.txt --verbose=1
/usr/bin/cc    -fsigned-char -W -Wall -Wreturn-type -Waddress -Wsequence-point -Wformat -Wformat-security -Wstrict-prototypes -Wundef -Winit-self -Wpointer-arith -Wshadow -Wuninitialized -Wno-comment -Wimplicit-fallthrough=3 -Wno-strict-overflow -fdiagnostics-show-option -pthread -fomit-frame-pointer -ffunction-sections -fdata-sections  -msse3 -fvisibility=hidden -Wno-unused-but-set-variable -Wno-missing-prototypes -Wno-missing-declarations  -g  -O0 -DDEBUG -D_DEBUG   -Wl,--gc-sections -Wl,--as-needed -Wl,--no-undefined  CMakeFiles/cmTC_f9261.dir/src.c.o -o cmTC_f9261
gmake[1]: Leaving directory '/home/daniel/Documents/opencv/build/CMakeFiles/CMakeTmp'


===== END =====

Build output check failed:
    Regex: 'unrecognized .*option'
    Output line: 'cc1plus: note: unrecognized command-line option ‘-Wno-inconsistent-missing-override’ may have been intended to silence earlier diagnostics'
Compilation failed:
    source file: '/home/daniel/Documents/opencv/build/CMakeFiles/CMakeTmp/src.cxx'
    check option: ' -Wno-inconsistent-missing-override'
===== BUILD LOG =====
Change Dir: '/home/daniel/Documents/opencv/build/CMakeFiles/CMakeTmp'

Run Build Command(s): /usr/bin/cmake -E env VERBOSE=1 /usr/bin/gmake -f Makefile cmTC_5c5a9/fast
/usr/bin/gmake  -f CMakeFiles/cmTC_5c5a9.dir/build.make CMakeFiles/cmTC_5c5a9.dir/build
gmake[1]: Entering directory '/home/daniel/Documents/opencv/build/CMakeFiles/CMakeTmp'
Building CXX object CMakeFiles/cmTC_5c5a9.dir/src.cxx.o
/usr/bin/c++   -fsigned-char -W -Wall -Wreturn-type -Wnon-virtual-dtor -Waddress -Wsequence-point -Wformat -Wformat-security -Winit-self -Wpointer-arith -Wsign-promo -Wno-delete-non-virtual-dtor -Wno-comment -Wimplicit-fallthrough=3 -Wno-strict-overflow -fdiagnostics-show-option -pthread -fomit-frame-pointer -ffunction-sections -fdata-sections  -msse3 -fvisibility=hidden -fvisibility-inlines-hidden -Wno-shadow -Wno-unused -Wno-sign-compare -Wno-undef -Wno-missing-declarations -Wno-uninitialized -Wno-switch -Wno-parentheses -Wno-array-bounds -Wno-extra -Wno-deprecated-declarations -Wno-misleading-indentation -Wno-deprecated -Wno-suggest-override  -g  -O0 -DDEBUG -D_DEBUG -std=c++11 -fPIE    -Wno-inconsistent-missing-override -o CMakeFiles/cmTC_5c5a9.dir/src.cxx.o -c /home/daniel/Documents/opencv/build/CMakeFiles/CMakeTmp/src.cxx
/home/daniel/Documents/opencv/build/CMakeFiles/CMakeTmp/src.cxx:1: warning: ignoring ‘#pragma  ’ [-Wunknown-pragmas]
    1 | #pragma
cc1plus: note: unrecognized command-line option ‘-Wno-inconsistent-missing-override’ may have been intended to silence earlier diagnostics
Linking CXX executable cmTC_5c5a9
/usr/bin/cmake -E cmake_link_script CMakeFiles/cmTC_5c5a9.dir/link.txt --verbose=1
/usr/bin/c++    -fsigned-char -W -Wall -Wreturn-type -Wnon-virtual-dtor -Waddress -Wsequence-point -Wformat -Wformat-security -Winit-self -Wpointer-arith -Wsign-promo -Wno-delete-non-virtual-dtor -Wno-comment -Wimplicit-fallthrough=3 -Wno-strict-overflow -fdiagnostics-show-option -pthread -fomit-frame-pointer -ffunction-sections -fdata-sections  -msse3 -fvisibility=hidden -fvisibility-inlines-hidden -Wno-shadow -Wno-unused -Wno-sign-compare -Wno-undef -Wno-missing-declarations -Wno-uninitialized -Wno-switch -Wno-parentheses -Wno-array-bounds -Wno-extra -Wno-deprecated-declarations -Wno-misleading-indentation -Wno-deprecated -Wno-suggest-override  -g  -O0 -DDEBUG -D_DEBUG   -Wl,--gc-sections -Wl,--as-needed -Wl,--no-undefined  CMakeFiles/cmTC_5c5a9.dir/src.cxx.o -o cmTC_5c5a9
gmake[1]: Leaving directory '/home/daniel/Documents/opencv/build/CMakeFiles/CMakeTmp'


===== END =====

Build output check failed:
    Regex: 'command[- ]line option .* is valid for .* but not for C\+\+'
    Output line: 'cc1plus: warning: command-line option ‘-Wno-missing-prototypes’ is valid for C/ObjC but not for C++'
Compilation failed:
    source file: '/home/daniel/Documents/opencv/build/CMakeFiles/CMakeTmp/src.cxx'
    check option: ' -Wno-missing-prototypes'
===== BUILD LOG =====
Change Dir: '/home/daniel/Documents/opencv/build/CMakeFiles/CMakeTmp'

Run Build Command(s): /usr/bin/cmake -E env VERBOSE=1 /usr/bin/gmake -f Makefile cmTC_c558d/fast
/usr/bin/gmake  -f CMakeFiles/cmTC_c558d.dir/build.make CMakeFiles/cmTC_c558d.dir/build
gmake[1]: Entering directory '/home/daniel/Documents/opencv/build/CMakeFiles/CMakeTmp'
Building CXX object CMakeFiles/cmTC_c558d.dir/src.cxx.o
/usr/bin/c++   -fsigned-char -W -Wall -Wreturn-type -Wnon-virtual-dtor -Waddress -Wsequence-point -Wformat -Wformat-security -Winit-self -Wpointer-arith -Wsign-promo -Wno-delete-non-virtual-dtor -Wno-comment -Wno-strict-overflow -fdiagnostics-show-option -pthread -fomit-frame-pointer -ffunction-sections -fdata-sections  -msse3 -fvisibility=hidden -fvisibility-inlines-hidden -Wno-shadow -Wno-unused -Wno-sign-compare -Wno-undef -Wno-missing-declarations -Wno-uninitialized -Wno-switch -Wno-parentheses -Wno-array-bounds -Wno-extra -Wno-deprecated-declarations -Wno-misleading-indentation -Wno-deprecated -Wno-suggest-override -Wno-implicit-fallthrough -Wno-tautological-compare  -g  -O0 -DDEBUG -D_DEBUG -std=c++11 -fPIE    -Wno-missing-prototypes -o CMakeFiles/cmTC_c558d.dir/src.cxx.o -c /home/daniel/Documents/opencv/build/CMakeFiles/CMakeTmp/src.cxx
cc1plus: warning: command-line option ‘-Wno-missing-prototypes’ is valid for C/ObjC but not for C++
/home/daniel/Documents/opencv/build/CMakeFiles/CMakeTmp/src.cxx:1: warning: ignoring ‘#pragma  ’ [-Wunknown-pragmas]
    1 | #pragma
Linking CXX executable cmTC_c558d
/usr/bin/cmake -E cmake_link_script CMakeFiles/cmTC_c558d.dir/link.txt --verbose=1
/usr/bin/c++    -fsigned-char -W -Wall -Wreturn-type -Wnon-virtual-dtor -Waddress -Wsequence-point -Wformat -Wformat-security -Winit-self -Wpointer-arith -Wsign-promo -Wno-delete-non-virtual-dtor -Wno-comment -Wno-strict-overflow -fdiagnostics-show-option -pthread -fomit-frame-pointer -ffunction-sections -fdata-sections  -msse3 -fvisibility=hidden -fvisibility-inlines-hidden -Wno-shadow -Wno-unused -Wno-sign-compare -Wno-undef -Wno-missing-declarations -Wno-uninitialized -Wno-switch -Wno-parentheses -Wno-array-bounds -Wno-extra -Wno-deprecated-declarations -Wno-misleading-indentation -Wno-deprecated -Wno-suggest-override -Wno-implicit-fallthrough -Wno-tautological-compare  -g  -O0 -DDEBUG -D_DEBUG   -Wl,--gc-sections -Wl,--as-needed -Wl,--no-undefined  CMakeFiles/cmTC_c558d.dir/src.cxx.o -o cmTC_c558d
gmake[1]: Leaving directory '/home/daniel/Documents/opencv/build/CMakeFiles/CMakeTmp'


===== END =====

Build output check failed:
    Regex: 'unrecognized .*option'
    Output line: 'cc1plus: note: unrecognized command-line option ‘-Wno-implicit-const-int-float-conversion’ may have been intended to silence earlier diagnostics'
Compilation failed:
    source file: '/home/daniel/Documents/opencv/build/CMakeFiles/CMakeTmp/src.cxx'
    check option: ' -Wno-implicit-const-int-float-conversion'
===== BUILD LOG =====
Change Dir: '/home/daniel/Documents/opencv/build/CMakeFiles/CMakeTmp'

Run Build Command(s): /usr/bin/cmake -E env VERBOSE=1 /usr/bin/gmake -f Makefile cmTC_596ef/fast
/usr/bin/gmake  -f CMakeFiles/cmTC_596ef.dir/build.make CMakeFiles/cmTC_596ef.dir/build
gmake[1]: Entering directory '/home/daniel/Documents/opencv/build/CMakeFiles/CMakeTmp'
Building CXX object CMakeFiles/cmTC_596ef.dir/src.cxx.o
/usr/bin/c++   -fsigned-char -W -Wall -Wreturn-type -Wnon-virtual-dtor -Waddress -Wsequence-point -Wformat -Wformat-security -Winit-self -Wpointer-arith -Wsign-promo -Wno-delete-non-virtual-dtor -Wno-comment -Wno-strict-overflow -fdiagnostics-show-option -pthread -fomit-frame-pointer -ffunction-sections -fdata-sections  -msse3 -fvisibility=hidden -fvisibility-inlines-hidden -Wno-shadow -Wno-unused -Wno-sign-compare -Wno-undef -Wno-missing-declarations -Wno-uninitialized -Wno-switch -Wno-parentheses -Wno-array-bounds -Wno-extra -Wno-deprecated-declarations -Wno-misleading-indentation -Wno-deprecated -Wno-suggest-override -Wno-implicit-fallthrough -Wno-tautological-compare -Wno-reorder -Wno-unused-result  -g  -O0 -DDEBUG -D_DEBUG -std=c++11 -fPIE    -Wno-implicit-const-int-float-conversion -o CMakeFiles/cmTC_596ef.dir/src.cxx.o -c /home/daniel/Documents/opencv/build/CMakeFiles/CMakeTmp/src.cxx
/home/daniel/Documents/opencv/build/CMakeFiles/CMakeTmp/src.cxx:1: warning: ignoring ‘#pragma  ’ [-Wunknown-pragmas]
    1 | #pragma
cc1plus: note: unrecognized command-line option ‘-Wno-implicit-const-int-float-conversion’ may have been intended to silence earlier diagnostics
Linking CXX executable cmTC_596ef
/usr/bin/cmake -E cmake_link_script CMakeFiles/cmTC_596ef.dir/link.txt --verbose=1
/usr/bin/c++    -fsigned-char -W -Wall -Wreturn-type -Wnon-virtual-dtor -Waddress -Wsequence-point -Wformat -Wformat-security -Winit-self -Wpointer-arith -Wsign-promo -Wno-delete-non-virtual-dtor -Wno-comment -Wno-strict-overflow -fdiagnostics-show-option -pthread -fomit-frame-pointer -ffunction-sections -fdata-sections  -msse3 -fvisibility=hidden -fvisibility-inlines-hidden -Wno-shadow -Wno-unused -Wno-sign-compare -Wno-undef -Wno-missing-declarations -Wno-uninitialized -Wno-switch -Wno-parentheses -Wno-array-bounds -Wno-extra -Wno-deprecated-declarations -Wno-misleading-indentation -Wno-deprecated -Wno-suggest-override -Wno-implicit-fallthrough -Wno-tautological-compare -Wno-reorder -Wno-unused-result  -g  -O0 -DDEBUG -D_DEBUG   -Wl,--gc-sections -Wl,--as-needed -Wl,--no-undefined  CMakeFiles/cmTC_596ef.dir/src.cxx.o -o cmTC_596ef
gmake[1]: Leaving directory '/home/daniel/Documents/opencv/build/CMakeFiles/CMakeTmp'


===== END =====

Build output check failed:
    Regex: 'unrecognized .*option'
    Output line: 'cc1plus: note: unrecognized command-line option ‘-Wno-tautological-undefined-compare’ may have been intended to silence earlier diagnostics'
Compilation failed:
    source file: '/home/daniel/Documents/opencv/build/CMakeFiles/CMakeTmp/src.cxx'
    check option: ' -Wno-tautological-undefined-compare'
===== BUILD LOG =====
Change Dir: '/home/daniel/Documents/opencv/build/CMakeFiles/CMakeTmp'

Run Build Command(s): /usr/bin/cmake -E env VERBOSE=1 /usr/bin/gmake -f Makefile cmTC_d1e75/fast
/usr/bin/gmake  -f CMakeFiles/cmTC_d1e75.dir/build.make CMakeFiles/cmTC_d1e75.dir/build
gmake[1]: Entering directory '/home/daniel/Documents/opencv/build/CMakeFiles/CMakeTmp'
Building CXX object CMakeFiles/cmTC_d1e75.dir/src.cxx.o
/usr/bin/c++   -fsigned-char -W -Wall -Wreturn-type -Wnon-virtual-dtor -Waddress -Wsequence-point -Wformat -Wformat-security -Winit-self -Wpointer-arith -Wuninitialized -Wsuggest-override -Wno-delete-non-virtual-dtor -Wno-comment -Wimplicit-fallthrough=3 -Wno-strict-overflow -fdiagnostics-show-option -pthread -fomit-frame-pointer -ffunction-sections -fdata-sections  -msse3 -fvisibility=hidden -fvisibility-inlines-hidden -Wno-deprecated -Wno-missing-declarations -Wno-shadow -Wno-unused-parameter -Wno-unused-local-typedefs -Wno-sign-compare -Wno-sign-promo -Wno-undef  -g  -O0 -DDEBUG -D_DEBUG -std=c++11 -fPIE    -Wno-tautological-undefined-compare -o CMakeFiles/cmTC_d1e75.dir/src.cxx.o -c /home/daniel/Documents/opencv/build/CMakeFiles/CMakeTmp/src.cxx
/home/daniel/Documents/opencv/build/CMakeFiles/CMakeTmp/src.cxx:1: warning: ignoring ‘#pragma  ’ [-Wunknown-pragmas]
    1 | #pragma
cc1plus: note: unrecognized command-line option ‘-Wno-tautological-undefined-compare’ may have been intended to silence earlier diagnostics
Linking CXX executable cmTC_d1e75
/usr/bin/cmake -E cmake_link_script CMakeFiles/cmTC_d1e75.dir/link.txt --verbose=1
/usr/bin/c++    -fsigned-char -W -Wall -Wreturn-type -Wnon-virtual-dtor -Waddress -Wsequence-point -Wformat -Wformat-security -Winit-self -Wpointer-arith -Wuninitialized -Wsuggest-override -Wno-delete-non-virtual-dtor -Wno-comment -Wimplicit-fallthrough=3 -Wno-strict-overflow -fdiagnostics-show-option -pthread -fomit-frame-pointer -ffunction-sections -fdata-sections  -msse3 -fvisibility=hidden -fvisibility-inlines-hidden -Wno-deprecated -Wno-missing-declarations -Wno-shadow -Wno-unused-parameter -Wno-unused-local-typedefs -Wno-sign-compare -Wno-sign-promo -Wno-undef  -g  -O0 -DDEBUG -D_DEBUG   -Wl,--gc-sections -Wl,--as-needed -Wl,--no-undefined  CMakeFiles/cmTC_d1e75.dir/src.cxx.o -o cmTC_d1e75
gmake[1]: Leaving directory '/home/daniel/Documents/opencv/build/CMakeFiles/CMakeTmp'


===== END =====

Build output check failed:
    Regex: 'unrecognized .*option'
    Output line: 'cc1plus: note: unrecognized command-line option ‘-Wno-shorten-64-to-32’ may have been intended to silence earlier diagnostics'
Compilation failed:
    source file: '/home/daniel/Documents/opencv/build/CMakeFiles/CMakeTmp/src.cxx'
    check option: ' -Wno-shorten-64-to-32'
===== BUILD LOG =====
Change Dir: '/home/daniel/Documents/opencv/build/CMakeFiles/CMakeTmp'

Run Build Command(s): /usr/bin/cmake -E env VERBOSE=1 /usr/bin/gmake -f Makefile cmTC_cb175/fast
/usr/bin/gmake  -f CMakeFiles/cmTC_cb175.dir/build.make CMakeFiles/cmTC_cb175.dir/build
gmake[1]: Entering directory '/home/daniel/Documents/opencv/build/CMakeFiles/CMakeTmp'
Building CXX object CMakeFiles/cmTC_cb175.dir/src.cxx.o
/usr/bin/c++   -fsigned-char -W -Wall -Wreturn-type -Wnon-virtual-dtor -Waddress -Wsequence-point -Wformat -Wformat-security -Winit-self -Wpointer-arith -Wuninitialized -Wsuggest-override -Wno-delete-non-virtual-dtor -Wno-comment -Wimplicit-fallthrough=3 -Wno-strict-overflow -fdiagnostics-show-option -pthread -fomit-frame-pointer -ffunction-sections -fdata-sections  -msse3 -fvisibility=hidden -fvisibility-inlines-hidden -Wno-deprecated -Wno-missing-declarations -Wno-shadow -Wno-unused-parameter -Wno-unused-local-typedefs -Wno-sign-compare -Wno-sign-promo -Wno-undef -Wno-ignored-qualifiers -Wno-extra -Wno-unused-function -Wno-unused-const-variable  -g  -O0 -DDEBUG -D_DEBUG -std=c++11 -fPIE    -Wno-shorten-64-to-32 -o CMakeFiles/cmTC_cb175.dir/src.cxx.o -c /home/daniel/Documents/opencv/build/CMakeFiles/CMakeTmp/src.cxx
/home/daniel/Documents/opencv/build/CMakeFiles/CMakeTmp/src.cxx:1: warning: ignoring ‘#pragma  ’ [-Wunknown-pragmas]
    1 | #pragma
cc1plus: note: unrecognized command-line option ‘-Wno-shorten-64-to-32’ may have been intended to silence earlier diagnostics
Linking CXX executable cmTC_cb175
/usr/bin/cmake -E cmake_link_script CMakeFiles/cmTC_cb175.dir/link.txt --verbose=1
/usr/bin/c++    -fsigned-char -W -Wall -Wreturn-type -Wnon-virtual-dtor -Waddress -Wsequence-point -Wformat -Wformat-security -Winit-self -Wpointer-arith -Wuninitialized -Wsuggest-override -Wno-delete-non-virtual-dtor -Wno-comment -Wimplicit-fallthrough=3 -Wno-strict-overflow -fdiagnostics-show-option -pthread -fomit-frame-pointer -ffunction-sections -fdata-sections  -msse3 -fvisibility=hidden -fvisibility-inlines-hidden -Wno-deprecated -Wno-missing-declarations -Wno-shadow -Wno-unused-parameter -Wno-unused-local-typedefs -Wno-sign-compare -Wno-sign-promo -Wno-undef -Wno-ignored-qualifiers -Wno-extra -Wno-unused-function -Wno-unused-const-variable  -g  -O0 -DDEBUG -D_DEBUG   -Wl,--gc-sections -Wl,--as-needed -Wl,--no-undefined  CMakeFiles/cmTC_cb175.dir/src.cxx.o -o cmTC_cb175
gmake[1]: Leaving directory '/home/daniel/Documents/opencv/build/CMakeFiles/CMakeTmp'


===== END =====

Build output check failed:
    Regex: 'unrecognized .*option'
    Output line: 'cc1plus: note: unrecognized command-line option ‘-Wno-enum-compare-switch’ may have been intended to silence earlier diagnostics'
Compilation failed:
    source file: '/home/daniel/Documents/opencv/build/CMakeFiles/CMakeTmp/src.cxx'
    check option: ' -Wno-enum-compare-switch'
===== BUILD LOG =====
Change Dir: '/home/daniel/Documents/opencv/build/CMakeFiles/CMakeTmp'

Run Build Command(s): /usr/bin/cmake -E env VERBOSE=1 /usr/bin/gmake -f Makefile cmTC_d36a0/fast
/usr/bin/gmake  -f CMakeFiles/cmTC_d36a0.dir/build.make CMakeFiles/cmTC_d36a0.dir/build
gmake[1]: Entering directory '/home/daniel/Documents/opencv/build/CMakeFiles/CMakeTmp'
Building CXX object CMakeFiles/cmTC_d36a0.dir/src.cxx.o
/usr/bin/c++   -fsigned-char -W -Wall -Wreturn-type -Wnon-virtual-dtor -Waddress -Wsequence-point -Wformat -Wformat-security -Winit-self -Wpointer-arith -Wuninitialized -Wsuggest-override -Wno-delete-non-virtual-dtor -Wno-comment -Wimplicit-fallthrough=3 -Wno-strict-overflow -fdiagnostics-show-option -pthread -fomit-frame-pointer -ffunction-sections -fdata-sections  -msse3 -fvisibility=hidden -fvisibility-inlines-hidden -Wno-deprecated -Wno-missing-declarations -Wno-shadow -Wno-unused-parameter -Wno-unused-local-typedefs -Wno-sign-compare -Wno-sign-promo -Wno-undef -Wno-ignored-qualifiers -Wno-extra -Wno-unused-function -Wno-unused-const-variable -Wno-invalid-offsetof  -g  -O0 -DDEBUG -D_DEBUG -std=c++11 -fPIE    -Wno-enum-compare-switch -o CMakeFiles/cmTC_d36a0.dir/src.cxx.o -c /home/daniel/Documents/opencv/build/CMakeFiles/CMakeTmp/src.cxx
/home/daniel/Documents/opencv/build/CMakeFiles/CMakeTmp/src.cxx:1: warning: ignoring ‘#pragma  ’ [-Wunknown-pragmas]
    1 | #pragma
cc1plus: note: unrecognized command-line option ‘-Wno-enum-compare-switch’ may have been intended to silence earlier diagnostics
Linking CXX executable cmTC_d36a0
/usr/bin/cmake -E cmake_link_script CMakeFiles/cmTC_d36a0.dir/link.txt --verbose=1
/usr/bin/c++    -fsigned-char -W -Wall -Wreturn-type -Wnon-virtual-dtor -Waddress -Wsequence-point -Wformat -Wformat-security -Winit-self -Wpointer-arith -Wuninitialized -Wsuggest-override -Wno-delete-non-virtual-dtor -Wno-comment -Wimplicit-fallthrough=3 -Wno-strict-overflow -fdiagnostics-show-option -pthread -fomit-frame-pointer -ffunction-sections -fdata-sections  -msse3 -fvisibility=hidden -fvisibility-inlines-hidden -Wno-deprecated -Wno-missing-declarations -Wno-shadow -Wno-unused-parameter -Wno-unused-local-typedefs -Wno-sign-compare -Wno-sign-promo -Wno-undef -Wno-ignored-qualifiers -Wno-extra -Wno-unused-function -Wno-unused-const-variable -Wno-invalid-offsetof  -g  -O0 -DDEBUG -D_DEBUG   -Wl,--gc-sections -Wl,--as-needed -Wl,--no-undefined  CMakeFiles/cmTC_d36a0.dir/src.cxx.o -o cmTC_d36a0
gmake[1]: Leaving directory '/home/daniel/Documents/opencv/build/CMakeFiles/CMakeTmp'


===== END =====

Build output check failed:
    Regex: 'unrecognized .*option'
    Output line: 'cc1plus: note: unrecognized command-line option ‘-Wno-comma’ may have been intended to silence earlier diagnostics'
Compilation failed:
    source file: '/home/daniel/Documents/opencv/build/CMakeFiles/CMakeTmp/src.cxx'
    check option: ' -Wno-comma'
===== BUILD LOG =====
Change Dir: '/home/daniel/Documents/opencv/build/CMakeFiles/CMakeTmp'

Run Build Command(s): /usr/bin/cmake -E env VERBOSE=1 /usr/bin/gmake -f Makefile cmTC_dfef8/fast
/usr/bin/gmake  -f CMakeFiles/cmTC_dfef8.dir/build.make CMakeFiles/cmTC_dfef8.dir/build
gmake[1]: Entering directory '/home/daniel/Documents/opencv/build/CMakeFiles/CMakeTmp'
Building CXX object CMakeFiles/cmTC_dfef8.dir/src.cxx.o
/usr/bin/c++   -fsigned-char -W -Wall -Wreturn-type -Wnon-virtual-dtor -Waddress -Wsequence-point -Wformat -Wformat-security -Winit-self -Wpointer-arith -Wuninitialized -Wno-delete-non-virtual-dtor -Wno-comment -Wno-strict-overflow -fdiagnostics-show-option -pthread -fomit-frame-pointer -ffunction-sections -fdata-sections  -msse3 -fvisibility=hidden -fvisibility-inlines-hidden -Wno-deprecated -Wno-missing-declarations -Wno-shadow -Wno-unused-parameter -Wno-unused-local-typedefs -Wno-sign-compare -Wno-sign-promo -Wno-undef -Wno-ignored-qualifiers -Wno-extra -Wno-unused-function -Wno-unused-const-variable -Wno-invalid-offsetof -Wno-suggest-override -Wno-implicit-fallthrough -Wno-array-bounds -Wno-stringop-overflow -Wno-stringop-overread -Wno-extra-semi  -g  -O0 -DDEBUG -D_DEBUG -std=c++11 -fPIE    -Wno-comma -o CMakeFiles/cmTC_dfef8.dir/src.cxx.o -c /home/daniel/Documents/opencv/build/CMakeFiles/CMakeTmp/src.cxx
/home/daniel/Documents/opencv/build/CMakeFiles/CMakeTmp/src.cxx:1: warning: ignoring ‘#pragma  ’ [-Wunknown-pragmas]
    1 | #pragma
cc1plus: note: unrecognized command-line option ‘-Wno-comma’ may have been intended to silence earlier diagnostics
Linking CXX executable cmTC_dfef8
/usr/bin/cmake -E cmake_link_script CMakeFiles/cmTC_dfef8.dir/link.txt --verbose=1
/usr/bin/c++    -fsigned-char -W -Wall -Wreturn-type -Wnon-virtual-dtor -Waddress -Wsequence-point -Wformat -Wformat-security -Winit-self -Wpointer-arith -Wuninitialized -Wno-delete-non-virtual-dtor -Wno-comment -Wno-strict-overflow -fdiagnostics-show-option -pthread -fomit-frame-pointer -ffunction-sections -fdata-sections  -msse3 -fvisibility=hidden -fvisibility-inlines-hidden -Wno-deprecated -Wno-missing-declarations -Wno-shadow -Wno-unused-parameter -Wno-unused-local-typedefs -Wno-sign-compare -Wno-sign-promo -Wno-undef -Wno-ignored-qualifiers -Wno-extra -Wno-unused-function -Wno-unused-const-variable -Wno-invalid-offsetof -Wno-suggest-override -Wno-implicit-fallthrough -Wno-array-bounds -Wno-stringop-overflow -Wno-stringop-overread -Wno-extra-semi  -g  -O0 -DDEBUG -D_DEBUG   -Wl,--gc-sections -Wl,--as-needed -Wl,--no-undefined  CMakeFiles/cmTC_dfef8.dir/src.cxx.o -o cmTC_dfef8
gmake[1]: Leaving directory '/home/daniel/Documents/opencv/build/CMakeFiles/CMakeTmp'


===== END =====

Build output check failed:
    Regex: 'command[- ]line option .* is valid for .* but not for C'
    Output line: 'cc1: warning: command-line option ‘-Wnon-virtual-dtor’ is valid for C++/ObjC++ but not for C'
Compilation failed:
    source file: '/home/daniel/Documents/opencv/build/CMakeFiles/CMakeTmp/src.c'
    check option: ' -fsigned-char -W -Wall -Wreturn-type  -Wnon-virtual-dtor'
===== BUILD LOG =====
Change Dir: '/home/daniel/Documents/opencv/build/CMakeFiles/CMakeTmp'

Run Build Command(s): /usr/bin/cmake -E env VERBOSE=1 /usr/bin/gmake -f Makefile cmTC_b3d64/fast
/usr/bin/gmake  -f CMakeFiles/cmTC_b3d64.dir/build.make CMakeFiles/cmTC_b3d64.dir/build
gmake[1]: Entering directory '/home/daniel/Documents/opencv/build/CMakeFiles/CMakeTmp'
Building C object CMakeFiles/cmTC_b3d64.dir/src.c.o
/usr/bin/cc   -g -fPIE    -fsigned-char -W -Wall -Wreturn-type  -Wnon-virtual-dtor -o CMakeFiles/cmTC_b3d64.dir/src.c.o -c /home/daniel/Documents/opencv/build/CMakeFiles/CMakeTmp/src.c
cc1: warning: command-line option ‘-Wnon-virtual-dtor’ is valid for C++/ObjC++ but not for C
/home/daniel/Documents/opencv/build/CMakeFiles/CMakeTmp/src.c:1: warning: ignoring ‘#pragma  ’ [-Wunknown-pragmas]
    1 | #pragma
Linking C executable cmTC_b3d64
/usr/bin/cmake -E cmake_link_script CMakeFiles/cmTC_b3d64.dir/link.txt --verbose=1
/usr/bin/cc -g CMakeFiles/cmTC_b3d64.dir/src.c.o -o cmTC_b3d64
gmake[1]: Leaving directory '/home/daniel/Documents/opencv/build/CMakeFiles/CMakeTmp'


===== END =====

Build output check failed:
    Regex: 'command[- ]line option .* is valid for .* but not for C\+\+'
    Output line: 'cc1plus: warning: command-line option ‘-Wmissing-prototypes’ is valid for C/ObjC but not for C++'
Compilation failed:
    source file: '/home/daniel/Documents/opencv/build/CMakeFiles/CMakeTmp/src.cxx'
    check option: ' -fsigned-char -W -Wall -Wreturn-type -Wnon-virtual-dtor -Waddress -Wsequence-point -Wformat -Wformat-security -Wmissing-declarations  -Wmissing-prototypes'
===== BUILD LOG =====
Change Dir: '/home/daniel/Documents/opencv/build/CMakeFiles/CMakeTmp'

Run Build Command(s): /usr/bin/cmake -E env VERBOSE=1 /usr/bin/gmake -f Makefile cmTC_41de6/fast
/usr/bin/gmake  -f CMakeFiles/cmTC_41de6.dir/build.make CMakeFiles/cmTC_41de6.dir/build
gmake[1]: Entering directory '/home/daniel/Documents/opencv/build/CMakeFiles/CMakeTmp'
Building CXX object CMakeFiles/cmTC_41de6.dir/src.cxx.o
/usr/bin/c++   -g -std=c++11 -fPIE    -fsigned-char -W -Wall -Wreturn-type -Wnon-virtual-dtor -Waddress -Wsequence-point -Wformat -Wformat-security -Wmissing-declarations  -Wmissing-prototypes -o CMakeFiles/cmTC_41de6.dir/src.cxx.o -c /home/daniel/Documents/opencv/build/CMakeFiles/CMakeTmp/src.cxx
cc1plus: warning: command-line option ‘-Wmissing-prototypes’ is valid for C/ObjC but not for C++
/home/daniel/Documents/opencv/build/CMakeFiles/CMakeTmp/src.cxx:1: warning: ignoring ‘#pragma  ’ [-Wunknown-pragmas]
    1 | #pragma
Linking CXX executable cmTC_41de6
/usr/bin/cmake -E cmake_link_script CMakeFiles/cmTC_41de6.dir/link.txt --verbose=1
/usr/bin/c++ -g CMakeFiles/cmTC_41de6.dir/src.cxx.o -o cmTC_41de6
gmake[1]: Leaving directory '/home/daniel/Documents/opencv/build/CMakeFiles/CMakeTmp'


===== END =====

Build output check failed:
    Regex: 'command[- ]line option .* is valid for .* but not for C\+\+'
    Output line: 'cc1plus: warning: command-line option ‘-Wstrict-prototypes’ is valid for C/ObjC but not for C++'
Compilation failed:
    source file: '/home/daniel/Documents/opencv/build/CMakeFiles/CMakeTmp/src.cxx'
    check option: ' -fsigned-char -W -Wall -Wreturn-type -Wnon-virtual-dtor -Waddress -Wsequence-point -Wformat -Wformat-security -Wmissing-declarations  -Wstrict-prototypes'
===== BUILD LOG =====
Change Dir: '/home/daniel/Documents/opencv/build/CMakeFiles/CMakeTmp'

Run Build Command(s): /usr/bin/cmake -E env VERBOSE=1 /usr/bin/gmake -f Makefile cmTC_38db2/fast
/usr/bin/gmake  -f CMakeFiles/cmTC_38db2.dir/build.make CMakeFiles/cmTC_38db2.dir/build
gmake[1]: Entering directory '/home/daniel/Documents/opencv/build/CMakeFiles/CMakeTmp'
Building CXX object CMakeFiles/cmTC_38db2.dir/src.cxx.o
/usr/bin/c++   -g -std=c++11 -fPIE    -fsigned-char -W -Wall -Wreturn-type -Wnon-virtual-dtor -Waddress -Wsequence-point -Wformat -Wformat-security -Wmissing-declarations  -Wstrict-prototypes -o CMakeFiles/cmTC_38db2.dir/src.cxx.o -c /home/daniel/Documents/opencv/build/CMakeFiles/CMakeTmp/src.cxx
cc1plus: warning: command-line option ‘-Wstrict-prototypes’ is valid for C/ObjC but not for C++
/home/daniel/Documents/opencv/build/CMakeFiles/CMakeTmp/src.cxx:1: warning: ignoring ‘#pragma  ’ [-Wunknown-pragmas]
    1 | #pragma
Linking CXX executable cmTC_38db2
/usr/bin/cmake -E cmake_link_script CMakeFiles/cmTC_38db2.dir/link.txt --verbose=1
/usr/bin/c++ -g CMakeFiles/cmTC_38db2.dir/src.cxx.o -o cmTC_38db2
gmake[1]: Leaving directory '/home/daniel/Documents/opencv/build/CMakeFiles/CMakeTmp'


===== END =====

Build output check failed:
    Regex: 'command[- ]line option .* is valid for .* but not for C'
    Output line: 'cc1: warning: command-line option ‘-Wsign-promo’ is valid for C++/ObjC++ but not for C'
Compilation failed:
    source file: '/home/daniel/Documents/opencv/build/CMakeFiles/CMakeTmp/src.c'
    check option: ' -fsigned-char -W -Wall -Wreturn-type -Waddress -Wsequence-point -Wformat -Wformat-security -Wmissing-declarations -Wmissing-prototypes -Wstrict-prototypes -Wundef -Winit-self -Wpointer-arith -Wshadow  -Wsign-promo'
===== BUILD LOG =====
Change Dir: '/home/daniel/Documents/opencv/build/CMakeFiles/CMakeTmp'

Run Build Command(s): /usr/bin/cmake -E env VERBOSE=1 /usr/bin/gmake -f Makefile cmTC_5e47f/fast
/usr/bin/gmake  -f CMakeFiles/cmTC_5e47f.dir/build.make CMakeFiles/cmTC_5e47f.dir/build
gmake[1]: Entering directory '/home/daniel/Documents/opencv/build/CMakeFiles/CMakeTmp'
Building C object CMakeFiles/cmTC_5e47f.dir/src.c.o
/usr/bin/cc   -g -fPIE    -fsigned-char -W -Wall -Wreturn-type -Waddress -Wsequence-point -Wformat -Wformat-security -Wmissing-declarations -Wmissing-prototypes -Wstrict-prototypes -Wundef -Winit-self -Wpointer-arith -Wshadow  -Wsign-promo -o CMakeFiles/cmTC_5e47f.dir/src.c.o -c /home/daniel/Documents/opencv/build/CMakeFiles/CMakeTmp/src.c
cc1: warning: command-line option ‘-Wsign-promo’ is valid for C++/ObjC++ but not for C
/home/daniel/Documents/opencv/build/CMakeFiles/CMakeTmp/src.c:1: warning: ignoring ‘#pragma  ’ [-Wunknown-pragmas]
    1 | #pragma
Linking C executable cmTC_5e47f
/usr/bin/cmake -E cmake_link_script CMakeFiles/cmTC_5e47f.dir/link.txt --verbose=1
/usr/bin/cc -g CMakeFiles/cmTC_5e47f.dir/src.c.o -o cmTC_5e47f
gmake[1]: Leaving directory '/home/daniel/Documents/opencv/build/CMakeFiles/CMakeTmp'


===== END =====

Build output check failed:
    Regex: 'command[- ]line option .* is valid for .* but not for C'
    Output line: 'cc1: warning: command-line option ‘-Wsuggest-override’ is valid for C++/ObjC++ but not for C'
Compilation failed:
    source file: '/home/daniel/Documents/opencv/build/CMakeFiles/CMakeTmp/src.c'
    check option: ' -fsigned-char -W -Wall -Wreturn-type -Waddress -Wsequence-point -Wformat -Wformat-security -Wmissing-declarations -Wmissing-prototypes -Wstrict-prototypes -Wundef -Winit-self -Wpointer-arith -Wshadow -Wuninitialized  -Wsuggest-override'
===== BUILD LOG =====
Change Dir: '/home/daniel/Documents/opencv/build/CMakeFiles/CMakeTmp'

Run Build Command(s): /usr/bin/cmake -E env VERBOSE=1 /usr/bin/gmake -f Makefile cmTC_bb449/fast
/usr/bin/gmake  -f CMakeFiles/cmTC_bb449.dir/build.make CMakeFiles/cmTC_bb449.dir/build
gmake[1]: Entering directory '/home/daniel/Documents/opencv/build/CMakeFiles/CMakeTmp'
Building C object CMakeFiles/cmTC_bb449.dir/src.c.o
/usr/bin/cc   -g -fPIE    -fsigned-char -W -Wall -Wreturn-type -Waddress -Wsequence-point -Wformat -Wformat-security -Wmissing-declarations -Wmissing-prototypes -Wstrict-prototypes -Wundef -Winit-self -Wpointer-arith -Wshadow -Wuninitialized  -Wsuggest-override -o CMakeFiles/cmTC_bb449.dir/src.c.o -c /home/daniel/Documents/opencv/build/CMakeFiles/CMakeTmp/src.c
cc1: warning: command-line option ‘-Wsuggest-override’ is valid for C++/ObjC++ but not for C
/home/daniel/Documents/opencv/build/CMakeFiles/CMakeTmp/src.c:1: warning: ignoring ‘#pragma  ’ [-Wunknown-pragmas]
    1 | #pragma
Linking C executable cmTC_bb449
/usr/bin/cmake -E cmake_link_script CMakeFiles/cmTC_bb449.dir/link.txt --verbose=1
/usr/bin/cc -g CMakeFiles/cmTC_bb449.dir/src.c.o -o cmTC_bb449
gmake[1]: Leaving directory '/home/daniel/Documents/opencv/build/CMakeFiles/CMakeTmp'


===== END =====

Build output check failed:
    Regex: 'command[- ]line option .* is valid for .* but not for C'
    Output line: 'cc1: warning: command-line option ‘-Wno-delete-non-virtual-dtor’ is valid for C++/ObjC++ but not for C'
Compilation failed:
    source file: '/home/daniel/Documents/opencv/build/CMakeFiles/CMakeTmp/src.c'
    check option: ' -fsigned-char -W -Wall -Wreturn-type -Waddress -Wsequence-point -Wformat -Wformat-security -Wmissing-declarations -Wmissing-prototypes -Wstrict-prototypes -Wundef -Winit-self -Wpointer-arith -Wshadow -Wuninitialized  -Wno-delete-non-virtual-dtor'
===== BUILD LOG =====
Change Dir: '/home/daniel/Documents/opencv/build/CMakeFiles/CMakeTmp'

Run Build Command(s): /usr/bin/cmake -E env VERBOSE=1 /usr/bin/gmake -f Makefile cmTC_a8288/fast
/usr/bin/gmake  -f CMakeFiles/cmTC_a8288.dir/build.make CMakeFiles/cmTC_a8288.dir/build
gmake[1]: Entering directory '/home/daniel/Documents/opencv/build/CMakeFiles/CMakeTmp'
Building C object CMakeFiles/cmTC_a8288.dir/src.c.o
/usr/bin/cc   -g -fPIE    -fsigned-char -W -Wall -Wreturn-type -Waddress -Wsequence-point -Wformat -Wformat-security -Wmissing-declarations -Wmissing-prototypes -Wstrict-prototypes -Wundef -Winit-self -Wpointer-arith -Wshadow -Wuninitialized  -Wno-delete-non-virtual-dtor -o CMakeFiles/cmTC_a8288.dir/src.c.o -c /home/daniel/Documents/opencv/build/CMakeFiles/CMakeTmp/src.c
cc1: warning: command-line option ‘-Wno-delete-non-virtual-dtor’ is valid for C++/ObjC++ but not for C
/home/daniel/Documents/opencv/build/CMakeFiles/CMakeTmp/src.c:1: warning: ignoring ‘#pragma  ’ [-Wunknown-pragmas]
    1 | #pragma
Linking C executable cmTC_a8288
/usr/bin/cmake -E cmake_link_script CMakeFiles/cmTC_a8288.dir/link.txt --verbose=1
/usr/bin/cc -g CMakeFiles/cmTC_a8288.dir/src.c.o -o cmTC_a8288
gmake[1]: Leaving directory '/home/daniel/Documents/opencv/build/CMakeFiles/CMakeTmp'


===== END =====

Build output check failed:
    Regex: 'unrecognized .*option'
    Output line: 'cc1plus: note: unrecognized command-line option ‘-Wno-unnamed-type-template-args’ may have been intended to silence earlier diagnostics'
Compilation failed:
    source file: '/home/daniel/Documents/opencv/build/CMakeFiles/CMakeTmp/src.cxx'
    check option: ' -fsigned-char -W -Wall -Wreturn-type -Wnon-virtual-dtor -Waddress -Wsequence-point -Wformat -Wformat-security -Wmissing-declarations -Wundef -Winit-self -Wpointer-arith -Wshadow -Wsign-promo -Wuninitialized -Wsuggest-override -Wno-delete-non-virtual-dtor  -Wno-unnamed-type-template-args'
===== BUILD LOG =====
Change Dir: '/home/daniel/Documents/opencv/build/CMakeFiles/CMakeTmp'

Run Build Command(s): /usr/bin/cmake -E env VERBOSE=1 /usr/bin/gmake -f Makefile cmTC_d9be2/fast
/usr/bin/gmake  -f CMakeFiles/cmTC_d9be2.dir/build.make CMakeFiles/cmTC_d9be2.dir/build
gmake[1]: Entering directory '/home/daniel/Documents/opencv/build/CMakeFiles/CMakeTmp'
Building CXX object CMakeFiles/cmTC_d9be2.dir/src.cxx.o
/usr/bin/c++   -g -std=c++11 -fPIE    -fsigned-char -W -Wall -Wreturn-type -Wnon-virtual-dtor -Waddress -Wsequence-point -Wformat -Wformat-security -Wmissing-declarations -Wundef -Winit-self -Wpointer-arith -Wshadow -Wsign-promo -Wuninitialized -Wsuggest-override -Wno-delete-non-virtual-dtor  -Wno-unnamed-type-template-args -o CMakeFiles/cmTC_d9be2.dir/src.cxx.o -c /home/daniel/Documents/opencv/build/CMakeFiles/CMakeTmp/src.cxx
/home/daniel/Documents/opencv/build/CMakeFiles/CMakeTmp/src.cxx:1: warning: ignoring ‘#pragma  ’ [-Wunknown-pragmas]
    1 | #pragma
cc1plus: note: unrecognized command-line option ‘-Wno-unnamed-type-template-args’ may have been intended to silence earlier diagnostics
Linking CXX executable cmTC_d9be2
/usr/bin/cmake -E cmake_link_script CMakeFiles/cmTC_d9be2.dir/link.txt --verbose=1
/usr/bin/c++ -g CMakeFiles/cmTC_d9be2.dir/src.cxx.o -o cmTC_d9be2
gmake[1]: Leaving directory '/home/daniel/Documents/opencv/build/CMakeFiles/CMakeTmp'


===== END =====

Build output check failed:
    Regex: 'unrecognized .*option'
    Output line: 'cc1: note: unrecognized command-line option ‘-Wno-unnamed-type-template-args’ may have been intended to silence earlier diagnostics'
Compilation failed:
    source file: '/home/daniel/Documents/opencv/build/CMakeFiles/CMakeTmp/src.c'
    check option: ' -fsigned-char -W -Wall -Wreturn-type -Waddress -Wsequence-point -Wformat -Wformat-security -Wmissing-declarations -Wmissing-prototypes -Wstrict-prototypes -Wundef -Winit-self -Wpointer-arith -Wshadow -Wuninitialized  -Wno-unnamed-type-template-args'
===== BUILD LOG =====
Change Dir: '/home/daniel/Documents/opencv/build/CMakeFiles/CMakeTmp'

Run Build Command(s): /usr/bin/cmake -E env VERBOSE=1 /usr/bin/gmake -f Makefile cmTC_764bd/fast
/usr/bin/gmake  -f CMakeFiles/cmTC_764bd.dir/build.make CMakeFiles/cmTC_764bd.dir/build
gmake[1]: Entering directory '/home/daniel/Documents/opencv/build/CMakeFiles/CMakeTmp'
Building C object CMakeFiles/cmTC_764bd.dir/src.c.o
/usr/bin/cc   -g -fPIE    -fsigned-char -W -Wall -Wreturn-type -Waddress -Wsequence-point -Wformat -Wformat-security -Wmissing-declarations -Wmissing-prototypes -Wstrict-prototypes -Wundef -Winit-self -Wpointer-arith -Wshadow -Wuninitialized  -Wno-unnamed-type-template-args -o CMakeFiles/cmTC_764bd.dir/src.c.o -c /home/daniel/Documents/opencv/build/CMakeFiles/CMakeTmp/src.c
/home/daniel/Documents/opencv/build/CMakeFiles/CMakeTmp/src.c:1: warning: ignoring ‘#pragma  ’ [-Wunknown-pragmas]
    1 | #pragma
cc1: note: unrecognized command-line option ‘-Wno-unnamed-type-template-args’ may have been intended to silence earlier diagnostics
Linking C executable cmTC_764bd
/usr/bin/cmake -E cmake_link_script CMakeFiles/cmTC_764bd.dir/link.txt --verbose=1
/usr/bin/cc -g CMakeFiles/cmTC_764bd.dir/src.c.o -o cmTC_764bd
gmake[1]: Leaving directory '/home/daniel/Documents/opencv/build/CMakeFiles/CMakeTmp'


===== END =====

Compilation failed:
    source file: '/home/daniel/Documents/opencv/opencv-4.x/cmake/checks/cpu_sse3.cpp'
    check option: ''
===== BUILD LOG =====
Change Dir: '/home/daniel/Documents/opencv/build/CMakeFiles/CMakeTmp'

Run Build Command(s): /usr/bin/cmake -E env VERBOSE=1 /usr/bin/gmake -f Makefile cmTC_73574/fast
/usr/bin/gmake  -f CMakeFiles/cmTC_73574.dir/build.make CMakeFiles/cmTC_73574.dir/build
gmake[1]: Entering directory '/home/daniel/Documents/opencv/build/CMakeFiles/CMakeTmp'
Building CXX object CMakeFiles/cmTC_73574.dir/cpu_sse3.cpp.o
/usr/bin/c++   -g -std=c++11 -fPIE -o CMakeFiles/cmTC_73574.dir/cpu_sse3.cpp.o -c /home/daniel/Documents/opencv/opencv-4.x/cmake/checks/cpu_sse3.cpp
In file included from /home/daniel/Documents/opencv/opencv-4.x/cmake/checks/cpu_sse3.cpp:1:
/usr/lib/gcc/x86_64-redhat-linux/14/include/pmmintrin.h: In function ‘int main()’:
/usr/lib/gcc/x86_64-redhat-linux/14/include/pmmintrin.h:75:1: error: inlining failed in call to ‘always_inline’ ‘__m128 _mm_moveldup_ps(__m128)’: target specific option mismatch
   75 | _mm_moveldup_ps (__m128 __X)
      | ^~~~~~~~~~~~~~~
/home/daniel/Documents/opencv/opencv-4.x/cmake/checks/cpu_sse3.cpp:5:24: note: called from here
    5 |     v = _mm_moveldup_ps(u); // SSE3
      |         ~~~~~~~~~~~~~~~^~~
/usr/lib/gcc/x86_64-redhat-linux/14/include/pmmintrin.h:75:1: error: inlining failed in call to ‘always_inline’ ‘__m128 _mm_moveldup_ps(__m128)’: target specific option mismatch
   75 | _mm_moveldup_ps (__m128 __X)
      | ^~~~~~~~~~~~~~~
/home/daniel/Documents/opencv/opencv-4.x/cmake/checks/cpu_sse3.cpp:5:24: note: called from here
    5 |     v = _mm_moveldup_ps(u); // SSE3
      |         ~~~~~~~~~~~~~~~^~~
gmake[1]: *** [CMakeFiles/cmTC_73574.dir/build.make:78: CMakeFiles/cmTC_73574.dir/cpu_sse3.cpp.o] Error 1
gmake[1]: Leaving directory '/home/daniel/Documents/opencv/build/CMakeFiles/CMakeTmp'
gmake: *** [Makefile:127: cmTC_73574/fast] Error 2


===== END =====

Build output check failed:
    Regex: 'command[- ]line option .* is valid for .* but not for C'
    Output line: 'cc1: warning: command-line option ‘-fvisibility-inlines-hidden’ is valid for C++/ObjC++ but not for C'
Compilation failed:
    source file: '/home/daniel/Documents/opencv/build/CMakeFiles/CMakeTmp/src.c'
    check option: ' -fsigned-char -W -Wall -Wreturn-type -Waddress -Wsequence-point -Wformat -Wformat-security -Wmissing-declarations -Wmissing-prototypes -Wstrict-prototypes -Wundef -Winit-self -Wpointer-arith -Wshadow -Wuninitialized -Wno-comment -Wimplicit-fallthrough=3 -Wno-strict-overflow -fdiagnostics-show-option -pthread -fomit-frame-pointer -ffunction-sections -fdata-sections  -msse3 -fvisibility=hidden  -fvisibility-inlines-hidden'
===== BUILD LOG =====
Change Dir: '/home/daniel/Documents/opencv/build/CMakeFiles/CMakeTmp'

Run Build Command(s): /usr/bin/cmake -E env VERBOSE=1 /usr/bin/gmake -f Makefile cmTC_2242f/fast
/usr/bin/gmake  -f CMakeFiles/cmTC_2242f.dir/build.make CMakeFiles/cmTC_2242f.dir/build
gmake[1]: Entering directory '/home/daniel/Documents/opencv/build/CMakeFiles/CMakeTmp'
Building C object CMakeFiles/cmTC_2242f.dir/src.c.o
/usr/bin/cc   -g -fPIE    -fsigned-char -W -Wall -Wreturn-type -Waddress -Wsequence-point -Wformat -Wformat-security -Wmissing-declarations -Wmissing-prototypes -Wstrict-prototypes -Wundef -Winit-self -Wpointer-arith -Wshadow -Wuninitialized -Wno-comment -Wimplicit-fallthrough=3 -Wno-strict-overflow -fdiagnostics-show-option -pthread -fomit-frame-pointer -ffunction-sections -fdata-sections  -msse3 -fvisibility=hidden  -fvisibility-inlines-hidden -o CMakeFiles/cmTC_2242f.dir/src.c.o -c /home/daniel/Documents/opencv/build/CMakeFiles/CMakeTmp/src.c
cc1: warning: command-line option ‘-fvisibility-inlines-hidden’ is valid for C++/ObjC++ but not for C
/home/daniel/Documents/opencv/build/CMakeFiles/CMakeTmp/src.c:1: warning: ignoring ‘#pragma  ’ [-Wunknown-pragmas]
    1 | #pragma
Linking C executable cmTC_2242f
/usr/bin/cmake -E cmake_link_script CMakeFiles/cmTC_2242f.dir/link.txt --verbose=1
/usr/bin/cc -g CMakeFiles/cmTC_2242f.dir/src.c.o -o cmTC_2242f
gmake[1]: Leaving directory '/home/daniel/Documents/opencv/build/CMakeFiles/CMakeTmp'


===== END =====

Build output check failed:
    Regex: 'unrecognized .*option'
    Output line: 'cc1: note: unrecognized command-line option ‘-Wno-implicit-const-int-float-conversion’ may have been intended to silence earlier diagnostics'
Compilation failed:
    source file: '/home/daniel/Documents/opencv/build/CMakeFiles/CMakeTmp/src.c'
    check option: ' -Wno-implicit-const-int-float-conversion'
===== BUILD LOG =====
Change Dir: '/home/daniel/Documents/opencv/build/CMakeFiles/CMakeTmp'

Run Build Command(s): /usr/bin/cmake -E env VERBOSE=1 /usr/bin/gmake -f Makefile cmTC_10a6f/fast
/usr/bin/gmake  -f CMakeFiles/cmTC_10a6f.dir/build.make CMakeFiles/cmTC_10a6f.dir/build
gmake[1]: Entering directory '/home/daniel/Documents/opencv/build/CMakeFiles/CMakeTmp'
Building C object CMakeFiles/cmTC_10a6f.dir/src.c.o
/usr/bin/cc   -fsigned-char -W -Wall -Wreturn-type -Waddress -Wsequence-point -Wformat -Wformat-security -Wmissing-declarations -Wmissing-prototypes -Wstrict-prototypes -Wundef -Winit-self -Wpointer-arith -Wshadow -Wuninitialized -Wno-comment -Wimplicit-fallthrough=3 -Wno-strict-overflow -fdiagnostics-show-option -pthread -fomit-frame-pointer -ffunction-sections -fdata-sections  -msse3 -fvisibility=hidden  -g  -O0 -DDEBUG -D_DEBUG -fPIE    -Wno-implicit-const-int-float-conversion -o CMakeFiles/cmTC_10a6f.dir/src.c.o -c /home/daniel/Documents/opencv/build/CMakeFiles/CMakeTmp/src.c
/home/daniel/Documents/opencv/build/CMakeFiles/CMakeTmp/src.c:1: warning: ignoring ‘#pragma  ’ [-Wunknown-pragmas]
    1 | #pragma
cc1: note: unrecognized command-line option ‘-Wno-implicit-const-int-float-conversion’ may have been intended to silence earlier diagnostics
Linking C executable cmTC_10a6f
/usr/bin/cmake -E cmake_link_script CMakeFiles/cmTC_10a6f.dir/link.txt --verbose=1
/usr/bin/cc    -fsigned-char -W -Wall -Wreturn-type -Waddress -Wsequence-point -Wformat -Wformat-security -Wmissing-declarations -Wmissing-prototypes -Wstrict-prototypes -Wundef -Winit-self -Wpointer-arith -Wshadow -Wuninitialized -Wno-comment -Wimplicit-fallthrough=3 -Wno-strict-overflow -fdiagnostics-show-option -pthread -fomit-frame-pointer -ffunction-sections -fdata-sections  -msse3 -fvisibility=hidden  -g  -O0 -DDEBUG -D_DEBUG   -Wl,--gc-sections -Wl,--as-needed -Wl,--no-undefined  CMakeFiles/cmTC_10a6f.dir/src.c.o -o cmTC_10a6f
gmake[1]: Leaving directory '/home/daniel/Documents/opencv/build/CMakeFiles/CMakeTmp'


===== END =====

Build output check failed:
    Regex: 'unrecognized .*option'
    Output line: 'cc1: note: unrecognized command-line option ‘-Wno-documentation’ may have been intended to silence earlier diagnostics'
Compilation failed:
    source file: '/home/daniel/Documents/opencv/build/CMakeFiles/CMakeTmp/src.c'
    check option: ' -Wno-documentation'
===== BUILD LOG =====
Change Dir: '/home/daniel/Documents/opencv/build/CMakeFiles/CMakeTmp'

Run Build Command(s): /usr/bin/cmake -E env VERBOSE=1 /usr/bin/gmake -f Makefile cmTC_b01fd/fast
/usr/bin/gmake  -f CMakeFiles/cmTC_b01fd.dir/build.make CMakeFiles/cmTC_b01fd.dir/build
gmake[1]: Entering directory '/home/daniel/Documents/opencv/build/CMakeFiles/CMakeTmp'
Building C object CMakeFiles/cmTC_b01fd.dir/src.c.o
/usr/bin/cc   -fsigned-char -W -Wall -Wreturn-type -Waddress -Wsequence-point -Wformat -Wformat-security -Wstrict-prototypes -Wundef -Winit-self -Wpointer-arith -Wshadow -Wuninitialized -Wno-comment -Wimplicit-fallthrough=3 -Wno-strict-overflow -fdiagnostics-show-option -pthread -fomit-frame-pointer -ffunction-sections -fdata-sections  -msse3 -fvisibility=hidden -Wno-unused-but-set-variable -Wno-missing-prototypes -Wno-missing-declarations  -g  -O0 -DDEBUG -D_DEBUG -fPIE    -Wno-documentation -o CMakeFiles/cmTC_b01fd.dir/src.c.o -c /home/daniel/Documents/opencv/build/CMakeFiles/CMakeTmp/src.c
/home/daniel/Documents/opencv/build/CMakeFiles/CMakeTmp/src.c:1: warning: ignoring ‘#pragma  ’ [-Wunknown-pragmas]
    1 | #pragma
cc1: note: unrecognized command-line option ‘-Wno-documentation’ may have been intended to silence earlier diagnostics
Linking C executable cmTC_b01fd
/usr/bin/cmake -E cmake_link_script CMakeFiles/cmTC_b01fd.dir/link.txt --verbose=1
/usr/bin/cc    -fsigned-char -W -Wall -Wreturn-type -Waddress -Wsequence-point -Wformat -Wformat-security -Wstrict-prototypes -Wundef -Winit-self -Wpointer-arith -Wshadow -Wuninitialized -Wno-comment -Wimplicit-fallthrough=3 -Wno-strict-overflow -fdiagnostics-show-option -pthread -fomit-frame-pointer -ffunction-sections -fdata-sections  -msse3 -fvisibility=hidden -Wno-unused-but-set-variable -Wno-missing-prototypes -Wno-missing-declarations  -g  -O0 -DDEBUG -D_DEBUG   -Wl,--gc-sections -Wl,--as-needed -Wl,--no-undefined  CMakeFiles/cmTC_b01fd.dir/src.c.o -o cmTC_b01fd
gmake[1]: Leaving directory '/home/daniel/Documents/opencv/build/CMakeFiles/CMakeTmp'


===== END =====

Build output check failed:
    Regex: 'unrecognized .*option'
    Output line: 'cc1plus: note: unrecognized command-line option ‘-Wno-inconsistent-missing-override’ may have been intended to silence earlier diagnostics'
Compilation failed:
    source file: '/home/daniel/Documents/opencv/build/CMakeFiles/CMakeTmp/src.cxx'
    check option: ' -Wno-inconsistent-missing-override'
===== BUILD LOG =====
Change Dir: '/home/daniel/Documents/opencv/build/CMakeFiles/CMakeTmp'

Run Build Command(s): /usr/bin/cmake -E env VERBOSE=1 /usr/bin/gmake -f Makefile cmTC_4d4e9/fast
/usr/bin/gmake  -f CMakeFiles/cmTC_4d4e9.dir/build.make CMakeFiles/cmTC_4d4e9.dir/build
gmake[1]: Entering directory '/home/daniel/Documents/opencv/build/CMakeFiles/CMakeTmp'
Building CXX object CMakeFiles/cmTC_4d4e9.dir/src.cxx.o
/usr/bin/c++   -fsigned-char -W -Wall -Wreturn-type -Wnon-virtual-dtor -Waddress -Wsequence-point -Wformat -Wformat-security -Winit-self -Wpointer-arith -Wsign-promo -Wno-delete-non-virtual-dtor -Wno-comment -Wimplicit-fallthrough=3 -Wno-strict-overflow -fdiagnostics-show-option -pthread -fomit-frame-pointer -ffunction-sections -fdata-sections  -msse3 -fvisibility=hidden -fvisibility-inlines-hidden -Wno-shadow -Wno-unused -Wno-sign-compare -Wno-undef -Wno-missing-declarations -Wno-uninitialized -Wno-switch -Wno-parentheses -Wno-array-bounds -Wno-extra -Wno-deprecated-declarations -Wno-misleading-indentation -Wno-deprecated -Wno-suggest-override  -g  -O0 -DDEBUG -D_DEBUG -std=c++11 -fPIE    -Wno-inconsistent-missing-override -o CMakeFiles/cmTC_4d4e9.dir/src.cxx.o -c /home/daniel/Documents/opencv/build/CMakeFiles/CMakeTmp/src.cxx
/home/daniel/Documents/opencv/build/CMakeFiles/CMakeTmp/src.cxx:1: warning: ignoring ‘#pragma  ’ [-Wunknown-pragmas]
    1 | #pragma
cc1plus: note: unrecognized command-line option ‘-Wno-inconsistent-missing-override’ may have been intended to silence earlier diagnostics
Linking CXX executable cmTC_4d4e9
/usr/bin/cmake -E cmake_link_script CMakeFiles/cmTC_4d4e9.dir/link.txt --verbose=1
/usr/bin/c++    -fsigned-char -W -Wall -Wreturn-type -Wnon-virtual-dtor -Waddress -Wsequence-point -Wformat -Wformat-security -Winit-self -Wpointer-arith -Wsign-promo -Wno-delete-non-virtual-dtor -Wno-comment -Wimplicit-fallthrough=3 -Wno-strict-overflow -fdiagnostics-show-option -pthread -fomit-frame-pointer -ffunction-sections -fdata-sections  -msse3 -fvisibility=hidden -fvisibility-inlines-hidden -Wno-shadow -Wno-unused -Wno-sign-compare -Wno-undef -Wno-missing-declarations -Wno-uninitialized -Wno-switch -Wno-parentheses -Wno-array-bounds -Wno-extra -Wno-deprecated-declarations -Wno-misleading-indentation -Wno-deprecated -Wno-suggest-override  -g  -O0 -DDEBUG -D_DEBUG   -Wl,--gc-sections -Wl,--as-needed -Wl,--no-undefined  CMakeFiles/cmTC_4d4e9.dir/src.cxx.o -o cmTC_4d4e9
gmake[1]: Leaving directory '/home/daniel/Documents/opencv/build/CMakeFiles/CMakeTmp'


===== END =====

Build output check failed:
    Regex: 'command[- ]line option .* is valid for .* but not for C\+\+'
    Output line: 'cc1plus: warning: command-line option ‘-Wno-missing-prototypes’ is valid for C/ObjC but not for C++'
Compilation failed:
    source file: '/home/daniel/Documents/opencv/build/CMakeFiles/CMakeTmp/src.cxx'
    check option: ' -Wno-missing-prototypes'
===== BUILD LOG =====
Change Dir: '/home/daniel/Documents/opencv/build/CMakeFiles/CMakeTmp'

Run Build Command(s): /usr/bin/cmake -E env VERBOSE=1 /usr/bin/gmake -f Makefile cmTC_fdcb2/fast
/usr/bin/gmake  -f CMakeFiles/cmTC_fdcb2.dir/build.make CMakeFiles/cmTC_fdcb2.dir/build
gmake[1]: Entering directory '/home/daniel/Documents/opencv/build/CMakeFiles/CMakeTmp'
Building CXX object CMakeFiles/cmTC_fdcb2.dir/src.cxx.o
/usr/bin/c++   -fsigned-char -W -Wall -Wreturn-type -Wnon-virtual-dtor -Waddress -Wsequence-point -Wformat -Wformat-security -Winit-self -Wpointer-arith -Wsign-promo -Wno-delete-non-virtual-dtor -Wno-comment -Wno-strict-overflow -fdiagnostics-show-option -pthread -fomit-frame-pointer -ffunction-sections -fdata-sections  -msse3 -fvisibility=hidden -fvisibility-inlines-hidden -Wno-shadow -Wno-unused -Wno-sign-compare -Wno-undef -Wno-missing-declarations -Wno-uninitialized -Wno-switch -Wno-parentheses -Wno-array-bounds -Wno-extra -Wno-deprecated-declarations -Wno-misleading-indentation -Wno-deprecated -Wno-suggest-override -Wno-implicit-fallthrough -Wno-tautological-compare  -g  -O0 -DDEBUG -D_DEBUG -std=c++11 -fPIE    -Wno-missing-prototypes -o CMakeFiles/cmTC_fdcb2.dir/src.cxx.o -c /home/daniel/Documents/opencv/build/CMakeFiles/CMakeTmp/src.cxx
cc1plus: warning: command-line option ‘-Wno-missing-prototypes’ is valid for C/ObjC but not for C++
/home/daniel/Documents/opencv/build/CMakeFiles/CMakeTmp/src.cxx:1: warning: ignoring ‘#pragma  ’ [-Wunknown-pragmas]
    1 | #pragma
Linking CXX executable cmTC_fdcb2
/usr/bin/cmake -E cmake_link_script CMakeFiles/cmTC_fdcb2.dir/link.txt --verbose=1
/usr/bin/c++    -fsigned-char -W -Wall -Wreturn-type -Wnon-virtual-dtor -Waddress -Wsequence-point -Wformat -Wformat-security -Winit-self -Wpointer-arith -Wsign-promo -Wno-delete-non-virtual-dtor -Wno-comment -Wno-strict-overflow -fdiagnostics-show-option -pthread -fomit-frame-pointer -ffunction-sections -fdata-sections  -msse3 -fvisibility=hidden -fvisibility-inlines-hidden -Wno-shadow -Wno-unused -Wno-sign-compare -Wno-undef -Wno-missing-declarations -Wno-uninitialized -Wno-switch -Wno-parentheses -Wno-array-bounds -Wno-extra -Wno-deprecated-declarations -Wno-misleading-indentation -Wno-deprecated -Wno-suggest-override -Wno-implicit-fallthrough -Wno-tautological-compare  -g  -O0 -DDEBUG -D_DEBUG   -Wl,--gc-sections -Wl,--as-needed -Wl,--no-undefined  CMakeFiles/cmTC_fdcb2.dir/src.cxx.o -o cmTC_fdcb2
gmake[1]: Leaving directory '/home/daniel/Documents/opencv/build/CMakeFiles/CMakeTmp'


===== END =====

Build output check failed:
    Regex: 'unrecognized .*option'
    Output line: 'cc1plus: note: unrecognized command-line option ‘-Wno-implicit-const-int-float-conversion’ may have been intended to silence earlier diagnostics'
Compilation failed:
    source file: '/home/daniel/Documents/opencv/build/CMakeFiles/CMakeTmp/src.cxx'
    check option: ' -Wno-implicit-const-int-float-conversion'
===== BUILD LOG =====
Change Dir: '/home/daniel/Documents/opencv/build/CMakeFiles/CMakeTmp'

Run Build Command(s): /usr/bin/cmake -E env VERBOSE=1 /usr/bin/gmake -f Makefile cmTC_33fa3/fast
/usr/bin/gmake  -f CMakeFiles/cmTC_33fa3.dir/build.make CMakeFiles/cmTC_33fa3.dir/build
gmake[1]: Entering directory '/home/daniel/Documents/opencv/build/CMakeFiles/CMakeTmp'
Building CXX object CMakeFiles/cmTC_33fa3.dir/src.cxx.o
/usr/bin/c++   -fsigned-char -W -Wall -Wreturn-type -Wnon-virtual-dtor -Waddress -Wsequence-point -Wformat -Wformat-security -Winit-self -Wpointer-arith -Wsign-promo -Wno-delete-non-virtual-dtor -Wno-comment -Wno-strict-overflow -fdiagnostics-show-option -pthread -fomit-frame-pointer -ffunction-sections -fdata-sections  -msse3 -fvisibility=hidden -fvisibility-inlines-hidden -Wno-shadow -Wno-unused -Wno-sign-compare -Wno-undef -Wno-missing-declarations -Wno-uninitialized -Wno-switch -Wno-parentheses -Wno-array-bounds -Wno-extra -Wno-deprecated-declarations -Wno-misleading-indentation -Wno-deprecated -Wno-suggest-override -Wno-implicit-fallthrough -Wno-tautological-compare -Wno-reorder -Wno-unused-result  -g  -O0 -DDEBUG -D_DEBUG -std=c++11 -fPIE    -Wno-implicit-const-int-float-conversion -o CMakeFiles/cmTC_33fa3.dir/src.cxx.o -c /home/daniel/Documents/opencv/build/CMakeFiles/CMakeTmp/src.cxx
/home/daniel/Documents/opencv/build/CMakeFiles/CMakeTmp/src.cxx:1: warning: ignoring ‘#pragma  ’ [-Wunknown-pragmas]
    1 | #pragma
cc1plus: note: unrecognized command-line option ‘-Wno-implicit-const-int-float-conversion’ may have been intended to silence earlier diagnostics
Linking CXX executable cmTC_33fa3
/usr/bin/cmake -E cmake_link_script CMakeFiles/cmTC_33fa3.dir/link.txt --verbose=1
/usr/bin/c++    -fsigned-char -W -Wall -Wreturn-type -Wnon-virtual-dtor -Waddress -Wsequence-point -Wformat -Wformat-security -Winit-self -Wpointer-arith -Wsign-promo -Wno-delete-non-virtual-dtor -Wno-comment -Wno-strict-overflow -fdiagnostics-show-option -pthread -fomit-frame-pointer -ffunction-sections -fdata-sections  -msse3 -fvisibility=hidden -fvisibility-inlines-hidden -Wno-shadow -Wno-unused -Wno-sign-compare -Wno-undef -Wno-missing-declarations -Wno-uninitialized -Wno-switch -Wno-parentheses -Wno-array-bounds -Wno-extra -Wno-deprecated-declarations -Wno-misleading-indentation -Wno-deprecated -Wno-suggest-override -Wno-implicit-fallthrough -Wno-tautological-compare -Wno-reorder -Wno-unused-result  -g  -O0 -DDEBUG -D_DEBUG   -Wl,--gc-sections -Wl,--as-needed -Wl,--no-undefined  CMakeFiles/cmTC_33fa3.dir/src.cxx.o -o cmTC_33fa3
gmake[1]: Leaving directory '/home/daniel/Documents/opencv/build/CMakeFiles/CMakeTmp'


===== END =====

Build output check failed:
    Regex: 'unrecognized .*option'
    Output line: 'cc1plus: note: unrecognized command-line option ‘-Wno-tautological-undefined-compare’ may have been intended to silence earlier diagnostics'
Compilation failed:
    source file: '/home/daniel/Documents/opencv/build/CMakeFiles/CMakeTmp/src.cxx'
    check option: ' -Wno-tautological-undefined-compare'
===== BUILD LOG =====
Change Dir: '/home/daniel/Documents/opencv/build/CMakeFiles/CMakeTmp'

Run Build Command(s): /usr/bin/cmake -E env VERBOSE=1 /usr/bin/gmake -f Makefile cmTC_323ba/fast
/usr/bin/gmake  -f CMakeFiles/cmTC_323ba.dir/build.make CMakeFiles/cmTC_323ba.dir/build
gmake[1]: Entering directory '/home/daniel/Documents/opencv/build/CMakeFiles/CMakeTmp'
Building CXX object CMakeFiles/cmTC_323ba.dir/src.cxx.o
/usr/bin/c++   -fsigned-char -W -Wall -Wreturn-type -Wnon-virtual-dtor -Waddress -Wsequence-point -Wformat -Wformat-security -Winit-self -Wpointer-arith -Wuninitialized -Wsuggest-override -Wno-delete-non-virtual-dtor -Wno-comment -Wimplicit-fallthrough=3 -Wno-strict-overflow -fdiagnostics-show-option -pthread -fomit-frame-pointer -ffunction-sections -fdata-sections  -msse3 -fvisibility=hidden -fvisibility-inlines-hidden -Wno-deprecated -Wno-missing-declarations -Wno-shadow -Wno-unused-parameter -Wno-unused-local-typedefs -Wno-sign-compare -Wno-sign-promo -Wno-undef  -g  -O0 -DDEBUG -D_DEBUG -std=c++11 -fPIE    -Wno-tautological-undefined-compare -o CMakeFiles/cmTC_323ba.dir/src.cxx.o -c /home/daniel/Documents/opencv/build/CMakeFiles/CMakeTmp/src.cxx
/home/daniel/Documents/opencv/build/CMakeFiles/CMakeTmp/src.cxx:1: warning: ignoring ‘#pragma  ’ [-Wunknown-pragmas]
    1 | #pragma
cc1plus: note: unrecognized command-line option ‘-Wno-tautological-undefined-compare’ may have been intended to silence earlier diagnostics
Linking CXX executable cmTC_323ba
/usr/bin/cmake -E cmake_link_script CMakeFiles/cmTC_323ba.dir/link.txt --verbose=1
/usr/bin/c++    -fsigned-char -W -Wall -Wreturn-type -Wnon-virtual-dtor -Waddress -Wsequence-point -Wformat -Wformat-security -Winit-self -Wpointer-arith -Wuninitialized -Wsuggest-override -Wno-delete-non-virtual-dtor -Wno-comment -Wimplicit-fallthrough=3 -Wno-strict-overflow -fdiagnostics-show-option -pthread -fomit-frame-pointer -ffunction-sections -fdata-sections  -msse3 -fvisibility=hidden -fvisibility-inlines-hidden -Wno-deprecated -Wno-missing-declarations -Wno-shadow -Wno-unused-parameter -Wno-unused-local-typedefs -Wno-sign-compare -Wno-sign-promo -Wno-undef  -g  -O0 -DDEBUG -D_DEBUG   -Wl,--gc-sections -Wl,--as-needed -Wl,--no-undefined  CMakeFiles/cmTC_323ba.dir/src.cxx.o -o cmTC_323ba
gmake[1]: Leaving directory '/home/daniel/Documents/opencv/build/CMakeFiles/CMakeTmp'


===== END =====

Build output check failed:
    Regex: 'unrecognized .*option'
    Output line: 'cc1plus: note: unrecognized command-line option ‘-Wno-shorten-64-to-32’ may have been intended to silence earlier diagnostics'
Compilation failed:
    source file: '/home/daniel/Documents/opencv/build/CMakeFiles/CMakeTmp/src.cxx'
    check option: ' -Wno-shorten-64-to-32'
===== BUILD LOG =====
Change Dir: '/home/daniel/Documents/opencv/build/CMakeFiles/CMakeTmp'

Run Build Command(s): /usr/bin/cmake -E env VERBOSE=1 /usr/bin/gmake -f Makefile cmTC_1aaf6/fast
/usr/bin/gmake  -f CMakeFiles/cmTC_1aaf6.dir/build.make CMakeFiles/cmTC_1aaf6.dir/build
gmake[1]: Entering directory '/home/daniel/Documents/opencv/build/CMakeFiles/CMakeTmp'
Building CXX object CMakeFiles/cmTC_1aaf6.dir/src.cxx.o
/usr/bin/c++   -fsigned-char -W -Wall -Wreturn-type -Wnon-virtual-dtor -Waddress -Wsequence-point -Wformat -Wformat-security -Winit-self -Wpointer-arith -Wuninitialized -Wsuggest-override -Wno-delete-non-virtual-dtor -Wno-comment -Wimplicit-fallthrough=3 -Wno-strict-overflow -fdiagnostics-show-option -pthread -fomit-frame-pointer -ffunction-sections -fdata-sections  -msse3 -fvisibility=hidden -fvisibility-inlines-hidden -Wno-deprecated -Wno-missing-declarations -Wno-shadow -Wno-unused-parameter -Wno-unused-local-typedefs -Wno-sign-compare -Wno-sign-promo -Wno-undef -Wno-ignored-qualifiers -Wno-extra -Wno-unused-function -Wno-unused-const-variable  -g  -O0 -DDEBUG -D_DEBUG -std=c++11 -fPIE    -Wno-shorten-64-to-32 -o CMakeFiles/cmTC_1aaf6.dir/src.cxx.o -c /home/daniel/Documents/opencv/build/CMakeFiles/CMakeTmp/src.cxx
/home/daniel/Documents/opencv/build/CMakeFiles/CMakeTmp/src.cxx:1: warning: ignoring ‘#pragma  ’ [-Wunknown-pragmas]
    1 | #pragma
cc1plus: note: unrecognized command-line option ‘-Wno-shorten-64-to-32’ may have been intended to silence earlier diagnostics
Linking CXX executable cmTC_1aaf6
/usr/bin/cmake -E cmake_link_script CMakeFiles/cmTC_1aaf6.dir/link.txt --verbose=1
/usr/bin/c++    -fsigned-char -W -Wall -Wreturn-type -Wnon-virtual-dtor -Waddress -Wsequence-point -Wformat -Wformat-security -Winit-self -Wpointer-arith -Wuninitialized -Wsuggest-override -Wno-delete-non-virtual-dtor -Wno-comment -Wimplicit-fallthrough=3 -Wno-strict-overflow -fdiagnostics-show-option -pthread -fomit-frame-pointer -ffunction-sections -fdata-sections  -msse3 -fvisibility=hidden -fvisibility-inlines-hidden -Wno-deprecated -Wno-missing-declarations -Wno-shadow -Wno-unused-parameter -Wno-unused-local-typedefs -Wno-sign-compare -Wno-sign-promo -Wno-undef -Wno-ignored-qualifiers -Wno-extra -Wno-unused-function -Wno-unused-const-variable  -g  -O0 -DDEBUG -D_DEBUG   -Wl,--gc-sections -Wl,--as-needed -Wl,--no-undefined  CMakeFiles/cmTC_1aaf6.dir/src.cxx.o -o cmTC_1aaf6
gmake[1]: Leaving directory '/home/daniel/Documents/opencv/build/CMakeFiles/CMakeTmp'


===== END =====

Build output check failed:
    Regex: 'unrecognized .*option'
    Output line: 'cc1plus: note: unrecognized command-line option ‘-Wno-enum-compare-switch’ may have been intended to silence earlier diagnostics'
Compilation failed:
    source file: '/home/daniel/Documents/opencv/build/CMakeFiles/CMakeTmp/src.cxx'
    check option: ' -Wno-enum-compare-switch'
===== BUILD LOG =====
Change Dir: '/home/daniel/Documents/opencv/build/CMakeFiles/CMakeTmp'

Run Build Command(s): /usr/bin/cmake -E env VERBOSE=1 /usr/bin/gmake -f Makefile cmTC_83f4e/fast
/usr/bin/gmake  -f CMakeFiles/cmTC_83f4e.dir/build.make CMakeFiles/cmTC_83f4e.dir/build
gmake[1]: Entering directory '/home/daniel/Documents/opencv/build/CMakeFiles/CMakeTmp'
Building CXX object CMakeFiles/cmTC_83f4e.dir/src.cxx.o
/usr/bin/c++   -fsigned-char -W -Wall -Wreturn-type -Wnon-virtual-dtor -Waddress -Wsequence-point -Wformat -Wformat-security -Winit-self -Wpointer-arith -Wuninitialized -Wsuggest-override -Wno-delete-non-virtual-dtor -Wno-comment -Wimplicit-fallthrough=3 -Wno-strict-overflow -fdiagnostics-show-option -pthread -fomit-frame-pointer -ffunction-sections -fdata-sections  -msse3 -fvisibility=hidden -fvisibility-inlines-hidden -Wno-deprecated -Wno-missing-declarations -Wno-shadow -Wno-unused-parameter -Wno-unused-local-typedefs -Wno-sign-compare -Wno-sign-promo -Wno-undef -Wno-ignored-qualifiers -Wno-extra -Wno-unused-function -Wno-unused-const-variable -Wno-invalid-offsetof  -g  -O0 -DDEBUG -D_DEBUG -std=c++11 -fPIE    -Wno-enum-compare-switch -o CMakeFiles/cmTC_83f4e.dir/src.cxx.o -c /home/daniel/Documents/opencv/build/CMakeFiles/CMakeTmp/src.cxx
/home/daniel/Documents/opencv/build/CMakeFiles/CMakeTmp/src.cxx:1: warning: ignoring ‘#pragma  ’ [-Wunknown-pragmas]
    1 | #pragma
cc1plus: note: unrecognized command-line option ‘-Wno-enum-compare-switch’ may have been intended to silence earlier diagnostics
Linking CXX executable cmTC_83f4e
/usr/bin/cmake -E cmake_link_script CMakeFiles/cmTC_83f4e.dir/link.txt --verbose=1
/usr/bin/c++    -fsigned-char -W -Wall -Wreturn-type -Wnon-virtual-dtor -Waddress -Wsequence-point -Wformat -Wformat-security -Winit-self -Wpointer-arith -Wuninitialized -Wsuggest-override -Wno-delete-non-virtual-dtor -Wno-comment -Wimplicit-fallthrough=3 -Wno-strict-overflow -fdiagnostics-show-option -pthread -fomit-frame-pointer -ffunction-sections -fdata-sections  -msse3 -fvisibility=hidden -fvisibility-inlines-hidden -Wno-deprecated -Wno-missing-declarations -Wno-shadow -Wno-unused-parameter -Wno-unused-local-typedefs -Wno-sign-compare -Wno-sign-promo -Wno-undef -Wno-ignored-qualifiers -Wno-extra -Wno-unused-function -Wno-unused-const-variable -Wno-invalid-offsetof  -g  -O0 -DDEBUG -D_DEBUG   -Wl,--gc-sections -Wl,--as-needed -Wl,--no-undefined  CMakeFiles/cmTC_83f4e.dir/src.cxx.o -o cmTC_83f4e
gmake[1]: Leaving directory '/home/daniel/Documents/opencv/build/CMakeFiles/CMakeTmp'


===== END =====

Build output check failed:
    Regex: 'unrecognized .*option'
    Output line: 'cc1plus: note: unrecognized command-line option ‘-Wno-comma’ may have been intended to silence earlier diagnostics'
Compilation failed:
    source file: '/home/daniel/Documents/opencv/build/CMakeFiles/CMakeTmp/src.cxx'
    check option: ' -Wno-comma'
===== BUILD LOG =====
Change Dir: '/home/daniel/Documents/opencv/build/CMakeFiles/CMakeTmp'

Run Build Command(s): /usr/bin/cmake -E env VERBOSE=1 /usr/bin/gmake -f Makefile cmTC_6653e/fast
/usr/bin/gmake  -f CMakeFiles/cmTC_6653e.dir/build.make CMakeFiles/cmTC_6653e.dir/build
gmake[1]: Entering directory '/home/daniel/Documents/opencv/build/CMakeFiles/CMakeTmp'
Building CXX object CMakeFiles/cmTC_6653e.dir/src.cxx.o
/usr/bin/c++   -fsigned-char -W -Wall -Wreturn-type -Wnon-virtual-dtor -Waddress -Wsequence-point -Wformat -Wformat-security -Winit-self -Wpointer-arith -Wuninitialized -Wno-delete-non-virtual-dtor -Wno-comment -Wno-strict-overflow -fdiagnostics-show-option -pthread -fomit-frame-pointer -ffunction-sections -fdata-sections  -msse3 -fvisibility=hidden -fvisibility-inlines-hidden -Wno-deprecated -Wno-missing-declarations -Wno-shadow -Wno-unused-parameter -Wno-unused-local-typedefs -Wno-sign-compare -Wno-sign-promo -Wno-undef -Wno-ignored-qualifiers -Wno-extra -Wno-unused-function -Wno-unused-const-variable -Wno-invalid-offsetof -Wno-suggest-override -Wno-implicit-fallthrough -Wno-array-bounds -Wno-stringop-overflow -Wno-stringop-overread -Wno-extra-semi  -g  -O0 -DDEBUG -D_DEBUG -std=c++11 -fPIE    -Wno-comma -o CMakeFiles/cmTC_6653e.dir/src.cxx.o -c /home/daniel/Documents/opencv/build/CMakeFiles/CMakeTmp/src.cxx
/home/daniel/Documents/opencv/build/CMakeFiles/CMakeTmp/src.cxx:1: warning: ignoring ‘#pragma  ’ [-Wunknown-pragmas]
    1 | #pragma
cc1plus: note: unrecognized command-line option ‘-Wno-comma’ may have been intended to silence earlier diagnostics
Linking CXX executable cmTC_6653e
/usr/bin/cmake -E cmake_link_script CMakeFiles/cmTC_6653e.dir/link.txt --verbose=1
/usr/bin/c++    -fsigned-char -W -Wall -Wreturn-type -Wnon-virtual-dtor -Waddress -Wsequence-point -Wformat -Wformat-security -Winit-self -Wpointer-arith -Wuninitialized -Wno-delete-non-virtual-dtor -Wno-comment -Wno-strict-overflow -fdiagnostics-show-option -pthread -fomit-frame-pointer -ffunction-sections -fdata-sections  -msse3 -fvisibility=hidden -fvisibility-inlines-hidden -Wno-deprecated -Wno-missing-declarations -Wno-shadow -Wno-unused-parameter -Wno-unused-local-typedefs -Wno-sign-compare -Wno-sign-promo -Wno-undef -Wno-ignored-qualifiers -Wno-extra -Wno-unused-function -Wno-unused-const-variable -Wno-invalid-offsetof -Wno-suggest-override -Wno-implicit-fallthrough -Wno-array-bounds -Wno-stringop-overflow -Wno-stringop-overread -Wno-extra-semi  -g  -O0 -DDEBUG -D_DEBUG   -Wl,--gc-sections -Wl,--as-needed -Wl,--no-undefined  CMakeFiles/cmTC_6653e.dir/src.cxx.o -o cmTC_6653e
gmake[1]: Leaving directory '/home/daniel/Documents/opencv/build/CMakeFiles/CMakeTmp'


===== END =====

Build output check failed:
    Regex: 'command[- ]line option .* is valid for .* but not for C'
    Output line: 'cc1: warning: command-line option ‘-Wnon-virtual-dtor’ is valid for C++/ObjC++ but not for C'
Compilation failed:
    source file: '/home/daniel/Documents/opencv/build/CMakeFiles/CMakeTmp/src.c'
    check option: ' -fsigned-char -W -Wall -Wreturn-type  -Wnon-virtual-dtor'
===== BUILD LOG =====
Change Dir: '/home/daniel/Documents/opencv/build/CMakeFiles/CMakeTmp'

Run Build Command(s): /usr/bin/cmake -E env VERBOSE=1 /usr/bin/gmake -f Makefile cmTC_805c8/fast
/usr/bin/gmake  -f CMakeFiles/cmTC_805c8.dir/build.make CMakeFiles/cmTC_805c8.dir/build
gmake[1]: Entering directory '/home/daniel/Documents/opencv/build/CMakeFiles/CMakeTmp'
Building C object CMakeFiles/cmTC_805c8.dir/src.c.o
/usr/bin/cc   -g -fPIE    -fsigned-char -W -Wall -Wreturn-type  -Wnon-virtual-dtor -o CMakeFiles/cmTC_805c8.dir/src.c.o -c /home/daniel/Documents/opencv/build/CMakeFiles/CMakeTmp/src.c
cc1: warning: command-line option ‘-Wnon-virtual-dtor’ is valid for C++/ObjC++ but not for C
/home/daniel/Documents/opencv/build/CMakeFiles/CMakeTmp/src.c:1: warning: ignoring ‘#pragma  ’ [-Wunknown-pragmas]
    1 | #pragma
Linking C executable cmTC_805c8
/usr/bin/cmake -E cmake_link_script CMakeFiles/cmTC_805c8.dir/link.txt --verbose=1
/usr/bin/cc -g CMakeFiles/cmTC_805c8.dir/src.c.o -o cmTC_805c8
gmake[1]: Leaving directory '/home/daniel/Documents/opencv/build/CMakeFiles/CMakeTmp'


===== END =====

Build output check failed:
    Regex: 'command[- ]line option .* is valid for .* but not for C\+\+'
    Output line: 'cc1plus: warning: command-line option ‘-Wmissing-prototypes’ is valid for C/ObjC but not for C++'
Compilation failed:
    source file: '/home/daniel/Documents/opencv/build/CMakeFiles/CMakeTmp/src.cxx'
    check option: ' -fsigned-char -W -Wall -Wreturn-type -Wnon-virtual-dtor -Waddress -Wsequence-point -Wformat -Wformat-security -Wmissing-declarations  -Wmissing-prototypes'
===== BUILD LOG =====
Change Dir: '/home/daniel/Documents/opencv/build/CMakeFiles/CMakeTmp'

Run Build Command(s): /usr/bin/cmake -E env VERBOSE=1 /usr/bin/gmake -f Makefile cmTC_bbdea/fast
/usr/bin/gmake  -f CMakeFiles/cmTC_bbdea.dir/build.make CMakeFiles/cmTC_bbdea.dir/build
gmake[1]: Entering directory '/home/daniel/Documents/opencv/build/CMakeFiles/CMakeTmp'
Building CXX object CMakeFiles/cmTC_bbdea.dir/src.cxx.o
/usr/bin/c++   -g -std=c++11 -fPIE    -fsigned-char -W -Wall -Wreturn-type -Wnon-virtual-dtor -Waddress -Wsequence-point -Wformat -Wformat-security -Wmissing-declarations  -Wmissing-prototypes -o CMakeFiles/cmTC_bbdea.dir/src.cxx.o -c /home/daniel/Documents/opencv/build/CMakeFiles/CMakeTmp/src.cxx
cc1plus: warning: command-line option ‘-Wmissing-prototypes’ is valid for C/ObjC but not for C++
/home/daniel/Documents/opencv/build/CMakeFiles/CMakeTmp/src.cxx:1: warning: ignoring ‘#pragma  ’ [-Wunknown-pragmas]
    1 | #pragma
Linking CXX executable cmTC_bbdea
/usr/bin/cmake -E cmake_link_script CMakeFiles/cmTC_bbdea.dir/link.txt --verbose=1
/usr/bin/c++ -g CMakeFiles/cmTC_bbdea.dir/src.cxx.o -o cmTC_bbdea
gmake[1]: Leaving directory '/home/daniel/Documents/opencv/build/CMakeFiles/CMakeTmp'


===== END =====

Build output check failed:
    Regex: 'command[- ]line option .* is valid for .* but not for C\+\+'
    Output line: 'cc1plus: warning: command-line option ‘-Wstrict-prototypes’ is valid for C/ObjC but not for C++'
Compilation failed:
    source file: '/home/daniel/Documents/opencv/build/CMakeFiles/CMakeTmp/src.cxx'
    check option: ' -fsigned-char -W -Wall -Wreturn-type -Wnon-virtual-dtor -Waddress -Wsequence-point -Wformat -Wformat-security -Wmissing-declarations  -Wstrict-prototypes'
===== BUILD LOG =====
Change Dir: '/home/daniel/Documents/opencv/build/CMakeFiles/CMakeTmp'

Run Build Command(s): /usr/bin/cmake -E env VERBOSE=1 /usr/bin/gmake -f Makefile cmTC_9027a/fast
/usr/bin/gmake  -f CMakeFiles/cmTC_9027a.dir/build.make CMakeFiles/cmTC_9027a.dir/build
gmake[1]: Entering directory '/home/daniel/Documents/opencv/build/CMakeFiles/CMakeTmp'
Building CXX object CMakeFiles/cmTC_9027a.dir/src.cxx.o
/usr/bin/c++   -g -std=c++11 -fPIE    -fsigned-char -W -Wall -Wreturn-type -Wnon-virtual-dtor -Waddress -Wsequence-point -Wformat -Wformat-security -Wmissing-declarations  -Wstrict-prototypes -o CMakeFiles/cmTC_9027a.dir/src.cxx.o -c /home/daniel/Documents/opencv/build/CMakeFiles/CMakeTmp/src.cxx
cc1plus: warning: command-line option ‘-Wstrict-prototypes’ is valid for C/ObjC but not for C++
/home/daniel/Documents/opencv/build/CMakeFiles/CMakeTmp/src.cxx:1: warning: ignoring ‘#pragma  ’ [-Wunknown-pragmas]
    1 | #pragma
Linking CXX executable cmTC_9027a
/usr/bin/cmake -E cmake_link_script CMakeFiles/cmTC_9027a.dir/link.txt --verbose=1
/usr/bin/c++ -g CMakeFiles/cmTC_9027a.dir/src.cxx.o -o cmTC_9027a
gmake[1]: Leaving directory '/home/daniel/Documents/opencv/build/CMakeFiles/CMakeTmp'


===== END =====

Build output check failed:
    Regex: 'command[- ]line option .* is valid for .* but not for C'
    Output line: 'cc1: warning: command-line option ‘-Wsign-promo’ is valid for C++/ObjC++ but not for C'
Compilation failed:
    source file: '/home/daniel/Documents/opencv/build/CMakeFiles/CMakeTmp/src.c'
    check option: ' -fsigned-char -W -Wall -Wreturn-type -Waddress -Wsequence-point -Wformat -Wformat-security -Wmissing-declarations -Wmissing-prototypes -Wstrict-prototypes -Wundef -Winit-self -Wpointer-arith -Wshadow  -Wsign-promo'
===== BUILD LOG =====
Change Dir: '/home/daniel/Documents/opencv/build/CMakeFiles/CMakeTmp'

Run Build Command(s): /usr/bin/cmake -E env VERBOSE=1 /usr/bin/gmake -f Makefile cmTC_22620/fast
/usr/bin/gmake  -f CMakeFiles/cmTC_22620.dir/build.make CMakeFiles/cmTC_22620.dir/build
gmake[1]: Entering directory '/home/daniel/Documents/opencv/build/CMakeFiles/CMakeTmp'
Building C object CMakeFiles/cmTC_22620.dir/src.c.o
/usr/bin/cc   -g -fPIE    -fsigned-char -W -Wall -Wreturn-type -Waddress -Wsequence-point -Wformat -Wformat-security -Wmissing-declarations -Wmissing-prototypes -Wstrict-prototypes -Wundef -Winit-self -Wpointer-arith -Wshadow  -Wsign-promo -o CMakeFiles/cmTC_22620.dir/src.c.o -c /home/daniel/Documents/opencv/build/CMakeFiles/CMakeTmp/src.c
cc1: warning: command-line option ‘-Wsign-promo’ is valid for C++/ObjC++ but not for C
/home/daniel/Documents/opencv/build/CMakeFiles/CMakeTmp/src.c:1: warning: ignoring ‘#pragma  ’ [-Wunknown-pragmas]
    1 | #pragma
Linking C executable cmTC_22620
/usr/bin/cmake -E cmake_link_script CMakeFiles/cmTC_22620.dir/link.txt --verbose=1
/usr/bin/cc -g CMakeFiles/cmTC_22620.dir/src.c.o -o cmTC_22620
gmake[1]: Leaving directory '/home/daniel/Documents/opencv/build/CMakeFiles/CMakeTmp'


===== END =====

Build output check failed:
    Regex: 'command[- ]line option .* is valid for .* but not for C'
    Output line: 'cc1: warning: command-line option ‘-Wsuggest-override’ is valid for C++/ObjC++ but not for C'
Compilation failed:
    source file: '/home/daniel/Documents/opencv/build/CMakeFiles/CMakeTmp/src.c'
    check option: ' -fsigned-char -W -Wall -Wreturn-type -Waddress -Wsequence-point -Wformat -Wformat-security -Wmissing-declarations -Wmissing-prototypes -Wstrict-prototypes -Wundef -Winit-self -Wpointer-arith -Wshadow -Wuninitialized  -Wsuggest-override'
===== BUILD LOG =====
Change Dir: '/home/daniel/Documents/opencv/build/CMakeFiles/CMakeTmp'

Run Build Command(s): /usr/bin/cmake -E env VERBOSE=1 /usr/bin/gmake -f Makefile cmTC_7286c/fast
/usr/bin/gmake  -f CMakeFiles/cmTC_7286c.dir/build.make CMakeFiles/cmTC_7286c.dir/build
gmake[1]: Entering directory '/home/daniel/Documents/opencv/build/CMakeFiles/CMakeTmp'
Building C object CMakeFiles/cmTC_7286c.dir/src.c.o
/usr/bin/cc   -g -fPIE    -fsigned-char -W -Wall -Wreturn-type -Waddress -Wsequence-point -Wformat -Wformat-security -Wmissing-declarations -Wmissing-prototypes -Wstrict-prototypes -Wundef -Winit-self -Wpointer-arith -Wshadow -Wuninitialized  -Wsuggest-override -o CMakeFiles/cmTC_7286c.dir/src.c.o -c /home/daniel/Documents/opencv/build/CMakeFiles/CMakeTmp/src.c
cc1: warning: command-line option ‘-Wsuggest-override’ is valid for C++/ObjC++ but not for C
/home/daniel/Documents/opencv/build/CMakeFiles/CMakeTmp/src.c:1: warning: ignoring ‘#pragma  ’ [-Wunknown-pragmas]
    1 | #pragma
Linking C executable cmTC_7286c
/usr/bin/cmake -E cmake_link_script CMakeFiles/cmTC_7286c.dir/link.txt --verbose=1
/usr/bin/cc -g CMakeFiles/cmTC_7286c.dir/src.c.o -o cmTC_7286c
gmake[1]: Leaving directory '/home/daniel/Documents/opencv/build/CMakeFiles/CMakeTmp'


===== END =====

Build output check failed:
    Regex: 'command[- ]line option .* is valid for .* but not for C'
    Output line: 'cc1: warning: command-line option ‘-Wno-delete-non-virtual-dtor’ is valid for C++/ObjC++ but not for C'
Compilation failed:
    source file: '/home/daniel/Documents/opencv/build/CMakeFiles/CMakeTmp/src.c'
    check option: ' -fsigned-char -W -Wall -Wreturn-type -Waddress -Wsequence-point -Wformat -Wformat-security -Wmissing-declarations -Wmissing-prototypes -Wstrict-prototypes -Wundef -Winit-self -Wpointer-arith -Wshadow -Wuninitialized  -Wno-delete-non-virtual-dtor'
===== BUILD LOG =====
Change Dir: '/home/daniel/Documents/opencv/build/CMakeFiles/CMakeTmp'

Run Build Command(s): /usr/bin/cmake -E env VERBOSE=1 /usr/bin/gmake -f Makefile cmTC_0020a/fast
/usr/bin/gmake  -f CMakeFiles/cmTC_0020a.dir/build.make CMakeFiles/cmTC_0020a.dir/build
gmake[1]: Entering directory '/home/daniel/Documents/opencv/build/CMakeFiles/CMakeTmp'
Building C object CMakeFiles/cmTC_0020a.dir/src.c.o
/usr/bin/cc   -g -fPIE    -fsigned-char -W -Wall -Wreturn-type -Waddress -Wsequence-point -Wformat -Wformat-security -Wmissing-declarations -Wmissing-prototypes -Wstrict-prototypes -Wundef -Winit-self -Wpointer-arith -Wshadow -Wuninitialized  -Wno-delete-non-virtual-dtor -o CMakeFiles/cmTC_0020a.dir/src.c.o -c /home/daniel/Documents/opencv/build/CMakeFiles/CMakeTmp/src.c
cc1: warning: command-line option ‘-Wno-delete-non-virtual-dtor’ is valid for C++/ObjC++ but not for C
/home/daniel/Documents/opencv/build/CMakeFiles/CMakeTmp/src.c:1: warning: ignoring ‘#pragma  ’ [-Wunknown-pragmas]
    1 | #pragma
Linking C executable cmTC_0020a
/usr/bin/cmake -E cmake_link_script CMakeFiles/cmTC_0020a.dir/link.txt --verbose=1
/usr/bin/cc -g CMakeFiles/cmTC_0020a.dir/src.c.o -o cmTC_0020a
gmake[1]: Leaving directory '/home/daniel/Documents/opencv/build/CMakeFiles/CMakeTmp'


===== END =====

Build output check failed:
    Regex: 'unrecognized .*option'
    Output line: 'cc1plus: note: unrecognized command-line option ‘-Wno-unnamed-type-template-args’ may have been intended to silence earlier diagnostics'
Compilation failed:
    source file: '/home/daniel/Documents/opencv/build/CMakeFiles/CMakeTmp/src.cxx'
    check option: ' -fsigned-char -W -Wall -Wreturn-type -Wnon-virtual-dtor -Waddress -Wsequence-point -Wformat -Wformat-security -Wmissing-declarations -Wundef -Winit-self -Wpointer-arith -Wshadow -Wsign-promo -Wuninitialized -Wsuggest-override -Wno-delete-non-virtual-dtor  -Wno-unnamed-type-template-args'
===== BUILD LOG =====
Change Dir: '/home/daniel/Documents/opencv/build/CMakeFiles/CMakeTmp'

Run Build Command(s): /usr/bin/cmake -E env VERBOSE=1 /usr/bin/gmake -f Makefile cmTC_93354/fast
/usr/bin/gmake  -f CMakeFiles/cmTC_93354.dir/build.make CMakeFiles/cmTC_93354.dir/build
gmake[1]: Entering directory '/home/daniel/Documents/opencv/build/CMakeFiles/CMakeTmp'
Building CXX object CMakeFiles/cmTC_93354.dir/src.cxx.o
/usr/bin/c++   -g -std=c++11 -fPIE    -fsigned-char -W -Wall -Wreturn-type -Wnon-virtual-dtor -Waddress -Wsequence-point -Wformat -Wformat-security -Wmissing-declarations -Wundef -Winit-self -Wpointer-arith -Wshadow -Wsign-promo -Wuninitialized -Wsuggest-override -Wno-delete-non-virtual-dtor  -Wno-unnamed-type-template-args -o CMakeFiles/cmTC_93354.dir/src.cxx.o -c /home/daniel/Documents/opencv/build/CMakeFiles/CMakeTmp/src.cxx
/home/daniel/Documents/opencv/build/CMakeFiles/CMakeTmp/src.cxx:1: warning: ignoring ‘#pragma  ’ [-Wunknown-pragmas]
    1 | #pragma
cc1plus: note: unrecognized command-line option ‘-Wno-unnamed-type-template-args’ may have been intended to silence earlier diagnostics
Linking CXX executable cmTC_93354
/usr/bin/cmake -E cmake_link_script CMakeFiles/cmTC_93354.dir/link.txt --verbose=1
/usr/bin/c++ -g CMakeFiles/cmTC_93354.dir/src.cxx.o -o cmTC_93354
gmake[1]: Leaving directory '/home/daniel/Documents/opencv/build/CMakeFiles/CMakeTmp'


===== END =====

Build output check failed:
    Regex: 'unrecognized .*option'
    Output line: 'cc1: note: unrecognized command-line option ‘-Wno-unnamed-type-template-args’ may have been intended to silence earlier diagnostics'
Compilation failed:
    source file: '/home/daniel/Documents/opencv/build/CMakeFiles/CMakeTmp/src.c'
    check option: ' -fsigned-char -W -Wall -Wreturn-type -Waddress -Wsequence-point -Wformat -Wformat-security -Wmissing-declarations -Wmissing-prototypes -Wstrict-prototypes -Wundef -Winit-self -Wpointer-arith -Wshadow -Wuninitialized  -Wno-unnamed-type-template-args'
===== BUILD LOG =====
Change Dir: '/home/daniel/Documents/opencv/build/CMakeFiles/CMakeTmp'

Run Build Command(s): /usr/bin/cmake -E env VERBOSE=1 /usr/bin/gmake -f Makefile cmTC_89097/fast
/usr/bin/gmake  -f CMakeFiles/cmTC_89097.dir/build.make CMakeFiles/cmTC_89097.dir/build
gmake[1]: Entering directory '/home/daniel/Documents/opencv/build/CMakeFiles/CMakeTmp'
Building C object CMakeFiles/cmTC_89097.dir/src.c.o
/usr/bin/cc   -g -fPIE    -fsigned-char -W -Wall -Wreturn-type -Waddress -Wsequence-point -Wformat -Wformat-security -Wmissing-declarations -Wmissing-prototypes -Wstrict-prototypes -Wundef -Winit-self -Wpointer-arith -Wshadow -Wuninitialized  -Wno-unnamed-type-template-args -o CMakeFiles/cmTC_89097.dir/src.c.o -c /home/daniel/Documents/opencv/build/CMakeFiles/CMakeTmp/src.c
/home/daniel/Documents/opencv/build/CMakeFiles/CMakeTmp/src.c:1: warning: ignoring ‘#pragma  ’ [-Wunknown-pragmas]
    1 | #pragma
cc1: note: unrecognized command-line option ‘-Wno-unnamed-type-template-args’ may have been intended to silence earlier diagnostics
Linking C executable cmTC_89097
/usr/bin/cmake -E cmake_link_script CMakeFiles/cmTC_89097.dir/link.txt --verbose=1
/usr/bin/cc -g CMakeFiles/cmTC_89097.dir/src.c.o -o cmTC_89097
gmake[1]: Leaving directory '/home/daniel/Documents/opencv/build/CMakeFiles/CMakeTmp'


===== END =====

Compilation failed:
    source file: '/home/daniel/Documents/opencv/opencv-4.x/cmake/checks/cpu_sse3.cpp'
    check option: ''
===== BUILD LOG =====
Change Dir: '/home/daniel/Documents/opencv/build/CMakeFiles/CMakeTmp'

Run Build Command(s): /usr/bin/cmake -E env VERBOSE=1 /usr/bin/gmake -f Makefile cmTC_ed20f/fast
/usr/bin/gmake  -f CMakeFiles/cmTC_ed20f.dir/build.make CMakeFiles/cmTC_ed20f.dir/build
gmake[1]: Entering directory '/home/daniel/Documents/opencv/build/CMakeFiles/CMakeTmp'
Building CXX object CMakeFiles/cmTC_ed20f.dir/cpu_sse3.cpp.o
/usr/bin/c++   -g -std=c++11 -fPIE -o CMakeFiles/cmTC_ed20f.dir/cpu_sse3.cpp.o -c /home/daniel/Documents/opencv/opencv-4.x/cmake/checks/cpu_sse3.cpp
In file included from /home/daniel/Documents/opencv/opencv-4.x/cmake/checks/cpu_sse3.cpp:1:
/usr/lib/gcc/x86_64-redhat-linux/14/include/pmmintrin.h: In function ‘int main()’:
/usr/lib/gcc/x86_64-redhat-linux/14/include/pmmintrin.h:75:1: error: inlining failed in call to ‘always_inline’ ‘__m128 _mm_moveldup_ps(__m128)’: target specific option mismatch
   75 | _mm_moveldup_ps (__m128 __X)
      | ^~~~~~~~~~~~~~~
/home/daniel/Documents/opencv/opencv-4.x/cmake/checks/cpu_sse3.cpp:5:24: note: called from here
    5 |     v = _mm_moveldup_ps(u); // SSE3
      |         ~~~~~~~~~~~~~~~^~~
/usr/lib/gcc/x86_64-redhat-linux/14/include/pmmintrin.h:75:1: error: inlining failed in call to ‘always_inline’ ‘__m128 _mm_moveldup_ps(__m128)’: target specific option mismatch
   75 | _mm_moveldup_ps (__m128 __X)
      | ^~~~~~~~~~~~~~~
/home/daniel/Documents/opencv/opencv-4.x/cmake/checks/cpu_sse3.cpp:5:24: note: called from here
    5 |     v = _mm_moveldup_ps(u); // SSE3
      |         ~~~~~~~~~~~~~~~^~~
gmake[1]: *** [CMakeFiles/cmTC_ed20f.dir/build.make:78: CMakeFiles/cmTC_ed20f.dir/cpu_sse3.cpp.o] Error 1
gmake[1]: Leaving directory '/home/daniel/Documents/opencv/build/CMakeFiles/CMakeTmp'
gmake: *** [Makefile:127: cmTC_ed20f/fast] Error 2


===== END =====

Build output check failed:
    Regex: 'command[- ]line option .* is valid for .* but not for C'
    Output line: 'cc1: warning: command-line option ‘-fvisibility-inlines-hidden’ is valid for C++/ObjC++ but not for C'
Compilation failed:
    source file: '/home/daniel/Documents/opencv/build/CMakeFiles/CMakeTmp/src.c'
    check option: ' -fsigned-char -W -Wall -Wreturn-type -Waddress -Wsequence-point -Wformat -Wformat-security -Wmissing-declarations -Wmissing-prototypes -Wstrict-prototypes -Wundef -Winit-self -Wpointer-arith -Wshadow -Wuninitialized -Wno-comment -Wimplicit-fallthrough=3 -Wno-strict-overflow -fdiagnostics-show-option -pthread -fomit-frame-pointer -ffunction-sections -fdata-sections  -msse3 -fvisibility=hidden  -fvisibility-inlines-hidden'
===== BUILD LOG =====
Change Dir: '/home/daniel/Documents/opencv/build/CMakeFiles/CMakeTmp'

Run Build Command(s): /usr/bin/cmake -E env VERBOSE=1 /usr/bin/gmake -f Makefile cmTC_98756/fast
/usr/bin/gmake  -f CMakeFiles/cmTC_98756.dir/build.make CMakeFiles/cmTC_98756.dir/build
gmake[1]: Entering directory '/home/daniel/Documents/opencv/build/CMakeFiles/CMakeTmp'
Building C object CMakeFiles/cmTC_98756.dir/src.c.o
/usr/bin/cc   -g -fPIE    -fsigned-char -W -Wall -Wreturn-type -Waddress -Wsequence-point -Wformat -Wformat-security -Wmissing-declarations -Wmissing-prototypes -Wstrict-prototypes -Wundef -Winit-self -Wpointer-arith -Wshadow -Wuninitialized -Wno-comment -Wimplicit-fallthrough=3 -Wno-strict-overflow -fdiagnostics-show-option -pthread -fomit-frame-pointer -ffunction-sections -fdata-sections  -msse3 -fvisibility=hidden  -fvisibility-inlines-hidden -o CMakeFiles/cmTC_98756.dir/src.c.o -c /home/daniel/Documents/opencv/build/CMakeFiles/CMakeTmp/src.c
cc1: warning: command-line option ‘-fvisibility-inlines-hidden’ is valid for C++/ObjC++ but not for C
/home/daniel/Documents/opencv/build/CMakeFiles/CMakeTmp/src.c:1: warning: ignoring ‘#pragma  ’ [-Wunknown-pragmas]
    1 | #pragma
Linking C executable cmTC_98756
/usr/bin/cmake -E cmake_link_script CMakeFiles/cmTC_98756.dir/link.txt --verbose=1
/usr/bin/cc -g CMakeFiles/cmTC_98756.dir/src.c.o -o cmTC_98756
gmake[1]: Leaving directory '/home/daniel/Documents/opencv/build/CMakeFiles/CMakeTmp'


===== END =====

Build output check failed:
    Regex: 'unrecognized .*option'
    Output line: 'cc1: note: unrecognized command-line option ‘-Wno-implicit-const-int-float-conversion’ may have been intended to silence earlier diagnostics'
Compilation failed:
    source file: '/home/daniel/Documents/opencv/build/CMakeFiles/CMakeTmp/src.c'
    check option: ' -Wno-implicit-const-int-float-conversion'
===== BUILD LOG =====
Change Dir: '/home/daniel/Documents/opencv/build/CMakeFiles/CMakeTmp'

Run Build Command(s): /usr/bin/cmake -E env VERBOSE=1 /usr/bin/gmake -f Makefile cmTC_accbc/fast
/usr/bin/gmake  -f CMakeFiles/cmTC_accbc.dir/build.make CMakeFiles/cmTC_accbc.dir/build
gmake[1]: Entering directory '/home/daniel/Documents/opencv/build/CMakeFiles/CMakeTmp'
Building C object CMakeFiles/cmTC_accbc.dir/src.c.o
/usr/bin/cc   -fsigned-char -W -Wall -Wreturn-type -Waddress -Wsequence-point -Wformat -Wformat-security -Wmissing-declarations -Wmissing-prototypes -Wstrict-prototypes -Wundef -Winit-self -Wpointer-arith -Wshadow -Wuninitialized -Wno-comment -Wimplicit-fallthrough=3 -Wno-strict-overflow -fdiagnostics-show-option -pthread -fomit-frame-pointer -ffunction-sections -fdata-sections  -msse3 -fvisibility=hidden  -g  -O0 -DDEBUG -D_DEBUG -fPIE    -Wno-implicit-const-int-float-conversion -o CMakeFiles/cmTC_accbc.dir/src.c.o -c /home/daniel/Documents/opencv/build/CMakeFiles/CMakeTmp/src.c
/home/daniel/Documents/opencv/build/CMakeFiles/CMakeTmp/src.c:1: warning: ignoring ‘#pragma  ’ [-Wunknown-pragmas]
    1 | #pragma
cc1: note: unrecognized command-line option ‘-Wno-implicit-const-int-float-conversion’ may have been intended to silence earlier diagnostics
Linking C executable cmTC_accbc
/usr/bin/cmake -E cmake_link_script CMakeFiles/cmTC_accbc.dir/link.txt --verbose=1
/usr/bin/cc    -fsigned-char -W -Wall -Wreturn-type -Waddress -Wsequence-point -Wformat -Wformat-security -Wmissing-declarations -Wmissing-prototypes -Wstrict-prototypes -Wundef -Winit-self -Wpointer-arith -Wshadow -Wuninitialized -Wno-comment -Wimplicit-fallthrough=3 -Wno-strict-overflow -fdiagnostics-show-option -pthread -fomit-frame-pointer -ffunction-sections -fdata-sections  -msse3 -fvisibility=hidden  -g  -O0 -DDEBUG -D_DEBUG   -Wl,--gc-sections -Wl,--as-needed -Wl,--no-undefined  CMakeFiles/cmTC_accbc.dir/src.c.o -o cmTC_accbc
gmake[1]: Leaving directory '/home/daniel/Documents/opencv/build/CMakeFiles/CMakeTmp'


===== END =====

Build output check failed:
    Regex: 'unrecognized .*option'
    Output line: 'cc1: note: unrecognized command-line option ‘-Wno-documentation’ may have been intended to silence earlier diagnostics'
Compilation failed:
    source file: '/home/daniel/Documents/opencv/build/CMakeFiles/CMakeTmp/src.c'
    check option: ' -Wno-documentation'
===== BUILD LOG =====
Change Dir: '/home/daniel/Documents/opencv/build/CMakeFiles/CMakeTmp'

Run Build Command(s): /usr/bin/cmake -E env VERBOSE=1 /usr/bin/gmake -f Makefile cmTC_d1038/fast
/usr/bin/gmake  -f CMakeFiles/cmTC_d1038.dir/build.make CMakeFiles/cmTC_d1038.dir/build
gmake[1]: Entering directory '/home/daniel/Documents/opencv/build/CMakeFiles/CMakeTmp'
Building C object CMakeFiles/cmTC_d1038.dir/src.c.o
/usr/bin/cc   -fsigned-char -W -Wall -Wreturn-type -Waddress -Wsequence-point -Wformat -Wformat-security -Wstrict-prototypes -Wundef -Winit-self -Wpointer-arith -Wshadow -Wuninitialized -Wno-comment -Wimplicit-fallthrough=3 -Wno-strict-overflow -fdiagnostics-show-option -pthread -fomit-frame-pointer -ffunction-sections -fdata-sections  -msse3 -fvisibility=hidden -Wno-unused-but-set-variable -Wno-missing-prototypes -Wno-missing-declarations  -g  -O0 -DDEBUG -D_DEBUG -fPIE    -Wno-documentation -o CMakeFiles/cmTC_d1038.dir/src.c.o -c /home/daniel/Documents/opencv/build/CMakeFiles/CMakeTmp/src.c
/home/daniel/Documents/opencv/build/CMakeFiles/CMakeTmp/src.c:1: warning: ignoring ‘#pragma  ’ [-Wunknown-pragmas]
    1 | #pragma
cc1: note: unrecognized command-line option ‘-Wno-documentation’ may have been intended to silence earlier diagnostics
Linking C executable cmTC_d1038
/usr/bin/cmake -E cmake_link_script CMakeFiles/cmTC_d1038.dir/link.txt --verbose=1
/usr/bin/cc    -fsigned-char -W -Wall -Wreturn-type -Waddress -Wsequence-point -Wformat -Wformat-security -Wstrict-prototypes -Wundef -Winit-self -Wpointer-arith -Wshadow -Wuninitialized -Wno-comment -Wimplicit-fallthrough=3 -Wno-strict-overflow -fdiagnostics-show-option -pthread -fomit-frame-pointer -ffunction-sections -fdata-sections  -msse3 -fvisibility=hidden -Wno-unused-but-set-variable -Wno-missing-prototypes -Wno-missing-declarations  -g  -O0 -DDEBUG -D_DEBUG   -Wl,--gc-sections -Wl,--as-needed -Wl,--no-undefined  CMakeFiles/cmTC_d1038.dir/src.c.o -o cmTC_d1038
gmake[1]: Leaving directory '/home/daniel/Documents/opencv/build/CMakeFiles/CMakeTmp'


===== END =====

Build output check failed:
    Regex: 'unrecognized .*option'
    Output line: 'cc1plus: note: unrecognized command-line option ‘-Wno-inconsistent-missing-override’ may have been intended to silence earlier diagnostics'
Compilation failed:
    source file: '/home/daniel/Documents/opencv/build/CMakeFiles/CMakeTmp/src.cxx'
    check option: ' -Wno-inconsistent-missing-override'
===== BUILD LOG =====
Change Dir: '/home/daniel/Documents/opencv/build/CMakeFiles/CMakeTmp'

Run Build Command(s): /usr/bin/cmake -E env VERBOSE=1 /usr/bin/gmake -f Makefile cmTC_af992/fast
/usr/bin/gmake  -f CMakeFiles/cmTC_af992.dir/build.make CMakeFiles/cmTC_af992.dir/build
gmake[1]: Entering directory '/home/daniel/Documents/opencv/build/CMakeFiles/CMakeTmp'
Building CXX object CMakeFiles/cmTC_af992.dir/src.cxx.o
/usr/bin/c++   -fsigned-char -W -Wall -Wreturn-type -Wnon-virtual-dtor -Waddress -Wsequence-point -Wformat -Wformat-security -Winit-self -Wpointer-arith -Wsign-promo -Wno-delete-non-virtual-dtor -Wno-comment -Wimplicit-fallthrough=3 -Wno-strict-overflow -fdiagnostics-show-option -pthread -fomit-frame-pointer -ffunction-sections -fdata-sections  -msse3 -fvisibility=hidden -fvisibility-inlines-hidden -Wno-shadow -Wno-unused -Wno-sign-compare -Wno-undef -Wno-missing-declarations -Wno-uninitialized -Wno-switch -Wno-parentheses -Wno-array-bounds -Wno-extra -Wno-deprecated-declarations -Wno-misleading-indentation -Wno-deprecated -Wno-suggest-override  -g  -O0 -DDEBUG -D_DEBUG -std=c++11 -fPIE    -Wno-inconsistent-missing-override -o CMakeFiles/cmTC_af992.dir/src.cxx.o -c /home/daniel/Documents/opencv/build/CMakeFiles/CMakeTmp/src.cxx
/home/daniel/Documents/opencv/build/CMakeFiles/CMakeTmp/src.cxx:1: warning: ignoring ‘#pragma  ’ [-Wunknown-pragmas]
    1 | #pragma
cc1plus: note: unrecognized command-line option ‘-Wno-inconsistent-missing-override’ may have been intended to silence earlier diagnostics
Linking CXX executable cmTC_af992
/usr/bin/cmake -E cmake_link_script CMakeFiles/cmTC_af992.dir/link.txt --verbose=1
/usr/bin/c++    -fsigned-char -W -Wall -Wreturn-type -Wnon-virtual-dtor -Waddress -Wsequence-point -Wformat -Wformat-security -Winit-self -Wpointer-arith -Wsign-promo -Wno-delete-non-virtual-dtor -Wno-comment -Wimplicit-fallthrough=3 -Wno-strict-overflow -fdiagnostics-show-option -pthread -fomit-frame-pointer -ffunction-sections -fdata-sections  -msse3 -fvisibility=hidden -fvisibility-inlines-hidden -Wno-shadow -Wno-unused -Wno-sign-compare -Wno-undef -Wno-missing-declarations -Wno-uninitialized -Wno-switch -Wno-parentheses -Wno-array-bounds -Wno-extra -Wno-deprecated-declarations -Wno-misleading-indentation -Wno-deprecated -Wno-suggest-override  -g  -O0 -DDEBUG -D_DEBUG   -Wl,--gc-sections -Wl,--as-needed -Wl,--no-undefined  CMakeFiles/cmTC_af992.dir/src.cxx.o -o cmTC_af992
gmake[1]: Leaving directory '/home/daniel/Documents/opencv/build/CMakeFiles/CMakeTmp'


===== END =====

Build output check failed:
    Regex: 'command[- ]line option .* is valid for .* but not for C\+\+'
    Output line: 'cc1plus: warning: command-line option ‘-Wno-missing-prototypes’ is valid for C/ObjC but not for C++'
Compilation failed:
    source file: '/home/daniel/Documents/opencv/build/CMakeFiles/CMakeTmp/src.cxx'
    check option: ' -Wno-missing-prototypes'
===== BUILD LOG =====
Change Dir: '/home/daniel/Documents/opencv/build/CMakeFiles/CMakeTmp'

Run Build Command(s): /usr/bin/cmake -E env VERBOSE=1 /usr/bin/gmake -f Makefile cmTC_7e1c2/fast
/usr/bin/gmake  -f CMakeFiles/cmTC_7e1c2.dir/build.make CMakeFiles/cmTC_7e1c2.dir/build
gmake[1]: Entering directory '/home/daniel/Documents/opencv/build/CMakeFiles/CMakeTmp'
Building CXX object CMakeFiles/cmTC_7e1c2.dir/src.cxx.o
/usr/bin/c++   -fsigned-char -W -Wall -Wreturn-type -Wnon-virtual-dtor -Waddress -Wsequence-point -Wformat -Wformat-security -Winit-self -Wpointer-arith -Wsign-promo -Wno-delete-non-virtual-dtor -Wno-comment -Wno-strict-overflow -fdiagnostics-show-option -pthread -fomit-frame-pointer -ffunction-sections -fdata-sections  -msse3 -fvisibility=hidden -fvisibility-inlines-hidden -Wno-shadow -Wno-unused -Wno-sign-compare -Wno-undef -Wno-missing-declarations -Wno-uninitialized -Wno-switch -Wno-parentheses -Wno-array-bounds -Wno-extra -Wno-deprecated-declarations -Wno-misleading-indentation -Wno-deprecated -Wno-suggest-override -Wno-implicit-fallthrough -Wno-tautological-compare  -g  -O0 -DDEBUG -D_DEBUG -std=c++11 -fPIE    -Wno-missing-prototypes -o CMakeFiles/cmTC_7e1c2.dir/src.cxx.o -c /home/daniel/Documents/opencv/build/CMakeFiles/CMakeTmp/src.cxx
cc1plus: warning: command-line option ‘-Wno-missing-prototypes’ is valid for C/ObjC but not for C++
/home/daniel/Documents/opencv/build/CMakeFiles/CMakeTmp/src.cxx:1: warning: ignoring ‘#pragma  ’ [-Wunknown-pragmas]
    1 | #pragma
Linking CXX executable cmTC_7e1c2
/usr/bin/cmake -E cmake_link_script CMakeFiles/cmTC_7e1c2.dir/link.txt --verbose=1
/usr/bin/c++    -fsigned-char -W -Wall -Wreturn-type -Wnon-virtual-dtor -Waddress -Wsequence-point -Wformat -Wformat-security -Winit-self -Wpointer-arith -Wsign-promo -Wno-delete-non-virtual-dtor -Wno-comment -Wno-strict-overflow -fdiagnostics-show-option -pthread -fomit-frame-pointer -ffunction-sections -fdata-sections  -msse3 -fvisibility=hidden -fvisibility-inlines-hidden -Wno-shadow -Wno-unused -Wno-sign-compare -Wno-undef -Wno-missing-declarations -Wno-uninitialized -Wno-switch -Wno-parentheses -Wno-array-bounds -Wno-extra -Wno-deprecated-declarations -Wno-misleading-indentation -Wno-deprecated -Wno-suggest-override -Wno-implicit-fallthrough -Wno-tautological-compare  -g  -O0 -DDEBUG -D_DEBUG   -Wl,--gc-sections -Wl,--as-needed -Wl,--no-undefined  CMakeFiles/cmTC_7e1c2.dir/src.cxx.o -o cmTC_7e1c2
gmake[1]: Leaving directory '/home/daniel/Documents/opencv/build/CMakeFiles/CMakeTmp'


===== END =====

Build output check failed:
    Regex: 'unrecognized .*option'
    Output line: 'cc1plus: note: unrecognized command-line option ‘-Wno-implicit-const-int-float-conversion’ may have been intended to silence earlier diagnostics'
Compilation failed:
    source file: '/home/daniel/Documents/opencv/build/CMakeFiles/CMakeTmp/src.cxx'
    check option: ' -Wno-implicit-const-int-float-conversion'
===== BUILD LOG =====
Change Dir: '/home/daniel/Documents/opencv/build/CMakeFiles/CMakeTmp'

Run Build Command(s): /usr/bin/cmake -E env VERBOSE=1 /usr/bin/gmake -f Makefile cmTC_c2e32/fast
/usr/bin/gmake  -f CMakeFiles/cmTC_c2e32.dir/build.make CMakeFiles/cmTC_c2e32.dir/build
gmake[1]: Entering directory '/home/daniel/Documents/opencv/build/CMakeFiles/CMakeTmp'
Building CXX object CMakeFiles/cmTC_c2e32.dir/src.cxx.o
/usr/bin/c++   -fsigned-char -W -Wall -Wreturn-type -Wnon-virtual-dtor -Waddress -Wsequence-point -Wformat -Wformat-security -Winit-self -Wpointer-arith -Wsign-promo -Wno-delete-non-virtual-dtor -Wno-comment -Wno-strict-overflow -fdiagnostics-show-option -pthread -fomit-frame-pointer -ffunction-sections -fdata-sections  -msse3 -fvisibility=hidden -fvisibility-inlines-hidden -Wno-shadow -Wno-unused -Wno-sign-compare -Wno-undef -Wno-missing-declarations -Wno-uninitialized -Wno-switch -Wno-parentheses -Wno-array-bounds -Wno-extra -Wno-deprecated-declarations -Wno-misleading-indentation -Wno-deprecated -Wno-suggest-override -Wno-implicit-fallthrough -Wno-tautological-compare -Wno-reorder -Wno-unused-result  -g  -O0 -DDEBUG -D_DEBUG -std=c++11 -fPIE    -Wno-implicit-const-int-float-conversion -o CMakeFiles/cmTC_c2e32.dir/src.cxx.o -c /home/daniel/Documents/opencv/build/CMakeFiles/CMakeTmp/src.cxx
/home/daniel/Documents/opencv/build/CMakeFiles/CMakeTmp/src.cxx:1: warning: ignoring ‘#pragma  ’ [-Wunknown-pragmas]
    1 | #pragma
cc1plus: note: unrecognized command-line option ‘-Wno-implicit-const-int-float-conversion’ may have been intended to silence earlier diagnostics
Linking CXX executable cmTC_c2e32
/usr/bin/cmake -E cmake_link_script CMakeFiles/cmTC_c2e32.dir/link.txt --verbose=1
/usr/bin/c++    -fsigned-char -W -Wall -Wreturn-type -Wnon-virtual-dtor -Waddress -Wsequence-point -Wformat -Wformat-security -Winit-self -Wpointer-arith -Wsign-promo -Wno-delete-non-virtual-dtor -Wno-comment -Wno-strict-overflow -fdiagnostics-show-option -pthread -fomit-frame-pointer -ffunction-sections -fdata-sections  -msse3 -fvisibility=hidden -fvisibility-inlines-hidden -Wno-shadow -Wno-unused -Wno-sign-compare -Wno-undef -Wno-missing-declarations -Wno-uninitialized -Wno-switch -Wno-parentheses -Wno-array-bounds -Wno-extra -Wno-deprecated-declarations -Wno-misleading-indentation -Wno-deprecated -Wno-suggest-override -Wno-implicit-fallthrough -Wno-tautological-compare -Wno-reorder -Wno-unused-result  -g  -O0 -DDEBUG -D_DEBUG   -Wl,--gc-sections -Wl,--as-needed -Wl,--no-undefined  CMakeFiles/cmTC_c2e32.dir/src.cxx.o -o cmTC_c2e32
gmake[1]: Leaving directory '/home/daniel/Documents/opencv/build/CMakeFiles/CMakeTmp'


===== END =====

Build output check failed:
    Regex: 'unrecognized .*option'
    Output line: 'cc1plus: note: unrecognized command-line option ‘-Wno-tautological-undefined-compare’ may have been intended to silence earlier diagnostics'
Compilation failed:
    source file: '/home/daniel/Documents/opencv/build/CMakeFiles/CMakeTmp/src.cxx'
    check option: ' -Wno-tautological-undefined-compare'
===== BUILD LOG =====
Change Dir: '/home/daniel/Documents/opencv/build/CMakeFiles/CMakeTmp'

Run Build Command(s): /usr/bin/cmake -E env VERBOSE=1 /usr/bin/gmake -f Makefile cmTC_e8711/fast
/usr/bin/gmake  -f CMakeFiles/cmTC_e8711.dir/build.make CMakeFiles/cmTC_e8711.dir/build
gmake[1]: Entering directory '/home/daniel/Documents/opencv/build/CMakeFiles/CMakeTmp'
Building CXX object CMakeFiles/cmTC_e8711.dir/src.cxx.o
/usr/bin/c++   -fsigned-char -W -Wall -Wreturn-type -Wnon-virtual-dtor -Waddress -Wsequence-point -Wformat -Wformat-security -Winit-self -Wpointer-arith -Wuninitialized -Wsuggest-override -Wno-delete-non-virtual-dtor -Wno-comment -Wimplicit-fallthrough=3 -Wno-strict-overflow -fdiagnostics-show-option -pthread -fomit-frame-pointer -ffunction-sections -fdata-sections  -msse3 -fvisibility=hidden -fvisibility-inlines-hidden -Wno-deprecated -Wno-missing-declarations -Wno-shadow -Wno-unused-parameter -Wno-unused-local-typedefs -Wno-sign-compare -Wno-sign-promo -Wno-undef  -g  -O0 -DDEBUG -D_DEBUG -std=c++11 -fPIE    -Wno-tautological-undefined-compare -o CMakeFiles/cmTC_e8711.dir/src.cxx.o -c /home/daniel/Documents/opencv/build/CMakeFiles/CMakeTmp/src.cxx
/home/daniel/Documents/opencv/build/CMakeFiles/CMakeTmp/src.cxx:1: warning: ignoring ‘#pragma  ’ [-Wunknown-pragmas]
    1 | #pragma
cc1plus: note: unrecognized command-line option ‘-Wno-tautological-undefined-compare’ may have been intended to silence earlier diagnostics
Linking CXX executable cmTC_e8711
/usr/bin/cmake -E cmake_link_script CMakeFiles/cmTC_e8711.dir/link.txt --verbose=1
/usr/bin/c++    -fsigned-char -W -Wall -Wreturn-type -Wnon-virtual-dtor -Waddress -Wsequence-point -Wformat -Wformat-security -Winit-self -Wpointer-arith -Wuninitialized -Wsuggest-override -Wno-delete-non-virtual-dtor -Wno-comment -Wimplicit-fallthrough=3 -Wno-strict-overflow -fdiagnostics-show-option -pthread -fomit-frame-pointer -ffunction-sections -fdata-sections  -msse3 -fvisibility=hidden -fvisibility-inlines-hidden -Wno-deprecated -Wno-missing-declarations -Wno-shadow -Wno-unused-parameter -Wno-unused-local-typedefs -Wno-sign-compare -Wno-sign-promo -Wno-undef  -g  -O0 -DDEBUG -D_DEBUG   -Wl,--gc-sections -Wl,--as-needed -Wl,--no-undefined  CMakeFiles/cmTC_e8711.dir/src.cxx.o -o cmTC_e8711
gmake[1]: Leaving directory '/home/daniel/Documents/opencv/build/CMakeFiles/CMakeTmp'


===== END =====

Build output check failed:
    Regex: 'unrecognized .*option'
    Output line: 'cc1plus: note: unrecognized command-line option ‘-Wno-shorten-64-to-32’ may have been intended to silence earlier diagnostics'
Compilation failed:
    source file: '/home/daniel/Documents/opencv/build/CMakeFiles/CMakeTmp/src.cxx'
    check option: ' -Wno-shorten-64-to-32'
===== BUILD LOG =====
Change Dir: '/home/daniel/Documents/opencv/build/CMakeFiles/CMakeTmp'

Run Build Command(s): /usr/bin/cmake -E env VERBOSE=1 /usr/bin/gmake -f Makefile cmTC_58567/fast
/usr/bin/gmake  -f CMakeFiles/cmTC_58567.dir/build.make CMakeFiles/cmTC_58567.dir/build
gmake[1]: Entering directory '/home/daniel/Documents/opencv/build/CMakeFiles/CMakeTmp'
Building CXX object CMakeFiles/cmTC_58567.dir/src.cxx.o
/usr/bin/c++   -fsigned-char -W -Wall -Wreturn-type -Wnon-virtual-dtor -Waddress -Wsequence-point -Wformat -Wformat-security -Winit-self -Wpointer-arith -Wuninitialized -Wsuggest-override -Wno-delete-non-virtual-dtor -Wno-comment -Wimplicit-fallthrough=3 -Wno-strict-overflow -fdiagnostics-show-option -pthread -fomit-frame-pointer -ffunction-sections -fdata-sections  -msse3 -fvisibility=hidden -fvisibility-inlines-hidden -Wno-deprecated -Wno-missing-declarations -Wno-shadow -Wno-unused-parameter -Wno-unused-local-typedefs -Wno-sign-compare -Wno-sign-promo -Wno-undef -Wno-ignored-qualifiers -Wno-extra -Wno-unused-function -Wno-unused-const-variable  -g  -O0 -DDEBUG -D_DEBUG -std=c++11 -fPIE    -Wno-shorten-64-to-32 -o CMakeFiles/cmTC_58567.dir/src.cxx.o -c /home/daniel/Documents/opencv/build/CMakeFiles/CMakeTmp/src.cxx
/home/daniel/Documents/opencv/build/CMakeFiles/CMakeTmp/src.cxx:1: warning: ignoring ‘#pragma  ’ [-Wunknown-pragmas]
    1 | #pragma
cc1plus: note: unrecognized command-line option ‘-Wno-shorten-64-to-32’ may have been intended to silence earlier diagnostics
Linking CXX executable cmTC_58567
/usr/bin/cmake -E cmake_link_script CMakeFiles/cmTC_58567.dir/link.txt --verbose=1
/usr/bin/c++    -fsigned-char -W -Wall -Wreturn-type -Wnon-virtual-dtor -Waddress -Wsequence-point -Wformat -Wformat-security -Winit-self -Wpointer-arith -Wuninitialized -Wsuggest-override -Wno-delete-non-virtual-dtor -Wno-comment -Wimplicit-fallthrough=3 -Wno-strict-overflow -fdiagnostics-show-option -pthread -fomit-frame-pointer -ffunction-sections -fdata-sections  -msse3 -fvisibility=hidden -fvisibility-inlines-hidden -Wno-deprecated -Wno-missing-declarations -Wno-shadow -Wno-unused-parameter -Wno-unused-local-typedefs -Wno-sign-compare -Wno-sign-promo -Wno-undef -Wno-ignored-qualifiers -Wno-extra -Wno-unused-function -Wno-unused-const-variable  -g  -O0 -DDEBUG -D_DEBUG   -Wl,--gc-sections -Wl,--as-needed -Wl,--no-undefined  CMakeFiles/cmTC_58567.dir/src.cxx.o -o cmTC_58567
gmake[1]: Leaving directory '/home/daniel/Documents/opencv/build/CMakeFiles/CMakeTmp'


===== END =====

Build output check failed:
    Regex: 'unrecognized .*option'
    Output line: 'cc1plus: note: unrecognized command-line option ‘-Wno-enum-compare-switch’ may have been intended to silence earlier diagnostics'
Compilation failed:
    source file: '/home/daniel/Documents/opencv/build/CMakeFiles/CMakeTmp/src.cxx'
    check option: ' -Wno-enum-compare-switch'
===== BUILD LOG =====
Change Dir: '/home/daniel/Documents/opencv/build/CMakeFiles/CMakeTmp'

Run Build Command(s): /usr/bin/cmake -E env VERBOSE=1 /usr/bin/gmake -f Makefile cmTC_7bf36/fast
/usr/bin/gmake  -f CMakeFiles/cmTC_7bf36.dir/build.make CMakeFiles/cmTC_7bf36.dir/build
gmake[1]: Entering directory '/home/daniel/Documents/opencv/build/CMakeFiles/CMakeTmp'
Building CXX object CMakeFiles/cmTC_7bf36.dir/src.cxx.o
/usr/bin/c++   -fsigned-char -W -Wall -Wreturn-type -Wnon-virtual-dtor -Waddress -Wsequence-point -Wformat -Wformat-security -Winit-self -Wpointer-arith -Wuninitialized -Wsuggest-override -Wno-delete-non-virtual-dtor -Wno-comment -Wimplicit-fallthrough=3 -Wno-strict-overflow -fdiagnostics-show-option -pthread -fomit-frame-pointer -ffunction-sections -fdata-sections  -msse3 -fvisibility=hidden -fvisibility-inlines-hidden -Wno-deprecated -Wno-missing-declarations -Wno-shadow -Wno-unused-parameter -Wno-unused-local-typedefs -Wno-sign-compare -Wno-sign-promo -Wno-undef -Wno-ignored-qualifiers -Wno-extra -Wno-unused-function -Wno-unused-const-variable -Wno-invalid-offsetof  -g  -O0 -DDEBUG -D_DEBUG -std=c++11 -fPIE    -Wno-enum-compare-switch -o CMakeFiles/cmTC_7bf36.dir/src.cxx.o -c /home/daniel/Documents/opencv/build/CMakeFiles/CMakeTmp/src.cxx
/home/daniel/Documents/opencv/build/CMakeFiles/CMakeTmp/src.cxx:1: warning: ignoring ‘#pragma  ’ [-Wunknown-pragmas]
    1 | #pragma
cc1plus: note: unrecognized command-line option ‘-Wno-enum-compare-switch’ may have been intended to silence earlier diagnostics
Linking CXX executable cmTC_7bf36
/usr/bin/cmake -E cmake_link_script CMakeFiles/cmTC_7bf36.dir/link.txt --verbose=1
/usr/bin/c++    -fsigned-char -W -Wall -Wreturn-type -Wnon-virtual-dtor -Waddress -Wsequence-point -Wformat -Wformat-security -Winit-self -Wpointer-arith -Wuninitialized -Wsuggest-override -Wno-delete-non-virtual-dtor -Wno-comment -Wimplicit-fallthrough=3 -Wno-strict-overflow -fdiagnostics-show-option -pthread -fomit-frame-pointer -ffunction-sections -fdata-sections  -msse3 -fvisibility=hidden -fvisibility-inlines-hidden -Wno-deprecated -Wno-missing-declarations -Wno-shadow -Wno-unused-parameter -Wno-unused-local-typedefs -Wno-sign-compare -Wno-sign-promo -Wno-undef -Wno-ignored-qualifiers -Wno-extra -Wno-unused-function -Wno-unused-const-variable -Wno-invalid-offsetof  -g  -O0 -DDEBUG -D_DEBUG   -Wl,--gc-sections -Wl,--as-needed -Wl,--no-undefined  CMakeFiles/cmTC_7bf36.dir/src.cxx.o -o cmTC_7bf36
gmake[1]: Leaving directory '/home/daniel/Documents/opencv/build/CMakeFiles/CMakeTmp'


===== END =====

Build output check failed:
    Regex: 'unrecognized .*option'
    Output line: 'cc1plus: note: unrecognized command-line option ‘-Wno-comma’ may have been intended to silence earlier diagnostics'
Compilation failed:
    source file: '/home/daniel/Documents/opencv/build/CMakeFiles/CMakeTmp/src.cxx'
    check option: ' -Wno-comma'
===== BUILD LOG =====
Change Dir: '/home/daniel/Documents/opencv/build/CMakeFiles/CMakeTmp'

Run Build Command(s): /usr/bin/cmake -E env VERBOSE=1 /usr/bin/gmake -f Makefile cmTC_b842c/fast
/usr/bin/gmake  -f CMakeFiles/cmTC_b842c.dir/build.make CMakeFiles/cmTC_b842c.dir/build
gmake[1]: Entering directory '/home/daniel/Documents/opencv/build/CMakeFiles/CMakeTmp'
Building CXX object CMakeFiles/cmTC_b842c.dir/src.cxx.o
/usr/bin/c++   -fsigned-char -W -Wall -Wreturn-type -Wnon-virtual-dtor -Waddress -Wsequence-point -Wformat -Wformat-security -Winit-self -Wpointer-arith -Wuninitialized -Wno-delete-non-virtual-dtor -Wno-comment -Wno-strict-overflow -fdiagnostics-show-option -pthread -fomit-frame-pointer -ffunction-sections -fdata-sections  -msse3 -fvisibility=hidden -fvisibility-inlines-hidden -Wno-deprecated -Wno-missing-declarations -Wno-shadow -Wno-unused-parameter -Wno-unused-local-typedefs -Wno-sign-compare -Wno-sign-promo -Wno-undef -Wno-ignored-qualifiers -Wno-extra -Wno-unused-function -Wno-unused-const-variable -Wno-invalid-offsetof -Wno-suggest-override -Wno-implicit-fallthrough -Wno-array-bounds -Wno-stringop-overflow -Wno-stringop-overread -Wno-extra-semi  -g  -O0 -DDEBUG -D_DEBUG -std=c++11 -fPIE    -Wno-comma -o CMakeFiles/cmTC_b842c.dir/src.cxx.o -c /home/daniel/Documents/opencv/build/CMakeFiles/CMakeTmp/src.cxx
/home/daniel/Documents/opencv/build/CMakeFiles/CMakeTmp/src.cxx:1: warning: ignoring ‘#pragma  ’ [-Wunknown-pragmas]
    1 | #pragma
cc1plus: note: unrecognized command-line option ‘-Wno-comma’ may have been intended to silence earlier diagnostics
Linking CXX executable cmTC_b842c
/usr/bin/cmake -E cmake_link_script CMakeFiles/cmTC_b842c.dir/link.txt --verbose=1
/usr/bin/c++    -fsigned-char -W -Wall -Wreturn-type -Wnon-virtual-dtor -Waddress -Wsequence-point -Wformat -Wformat-security -Winit-self -Wpointer-arith -Wuninitialized -Wno-delete-non-virtual-dtor -Wno-comment -Wno-strict-overflow -fdiagnostics-show-option -pthread -fomit-frame-pointer -ffunction-sections -fdata-sections  -msse3 -fvisibility=hidden -fvisibility-inlines-hidden -Wno-deprecated -Wno-missing-declarations -Wno-shadow -Wno-unused-parameter -Wno-unused-local-typedefs -Wno-sign-compare -Wno-sign-promo -Wno-undef -Wno-ignored-qualifiers -Wno-extra -Wno-unused-function -Wno-unused-const-variable -Wno-invalid-offsetof -Wno-suggest-override -Wno-implicit-fallthrough -Wno-array-bounds -Wno-stringop-overflow -Wno-stringop-overread -Wno-extra-semi  -g  -O0 -DDEBUG -D_DEBUG   -Wl,--gc-sections -Wl,--as-needed -Wl,--no-undefined  CMakeFiles/cmTC_b842c.dir/src.cxx.o -o cmTC_b842c
gmake[1]: Leaving directory '/home/daniel/Documents/opencv/build/CMakeFiles/CMakeTmp'


===== END =====

Build output check failed:
    Regex: 'command[- ]line option .* is valid for .* but not for C'
    Output line: 'cc1: warning: command-line option ‘-Wnon-virtual-dtor’ is valid for C++/ObjC++ but not for C'
Compilation failed:
    source file: '/home/daniel/Documents/opencv/build/CMakeFiles/CMakeTmp/src.c'
    check option: ' -fsigned-char -W -Wall -Wreturn-type  -Wnon-virtual-dtor'
===== BUILD LOG =====
Change Dir: '/home/daniel/Documents/opencv/build/CMakeFiles/CMakeTmp'

Run Build Command(s): /usr/bin/cmake -E env VERBOSE=1 /usr/bin/gmake -f Makefile cmTC_c3feb/fast
/usr/bin/gmake  -f CMakeFiles/cmTC_c3feb.dir/build.make CMakeFiles/cmTC_c3feb.dir/build
gmake[1]: Entering directory '/home/daniel/Documents/opencv/build/CMakeFiles/CMakeTmp'
Building C object CMakeFiles/cmTC_c3feb.dir/src.c.o
/usr/bin/cc   -g -fPIE    -fsigned-char -W -Wall -Wreturn-type  -Wnon-virtual-dtor -o CMakeFiles/cmTC_c3feb.dir/src.c.o -c /home/daniel/Documents/opencv/build/CMakeFiles/CMakeTmp/src.c
cc1: warning: command-line option ‘-Wnon-virtual-dtor’ is valid for C++/ObjC++ but not for C
/home/daniel/Documents/opencv/build/CMakeFiles/CMakeTmp/src.c:1: warning: ignoring ‘#pragma  ’ [-Wunknown-pragmas]
    1 | #pragma
Linking C executable cmTC_c3feb
/usr/bin/cmake -E cmake_link_script CMakeFiles/cmTC_c3feb.dir/link.txt --verbose=1
/usr/bin/cc -g CMakeFiles/cmTC_c3feb.dir/src.c.o -o cmTC_c3feb
gmake[1]: Leaving directory '/home/daniel/Documents/opencv/build/CMakeFiles/CMakeTmp'


===== END =====

Build output check failed:
    Regex: 'command[- ]line option .* is valid for .* but not for C\+\+'
    Output line: 'cc1plus: warning: command-line option ‘-Wmissing-prototypes’ is valid for C/ObjC but not for C++'
Compilation failed:
    source file: '/home/daniel/Documents/opencv/build/CMakeFiles/CMakeTmp/src.cxx'
    check option: ' -fsigned-char -W -Wall -Wreturn-type -Wnon-virtual-dtor -Waddress -Wsequence-point -Wformat -Wformat-security -Wmissing-declarations  -Wmissing-prototypes'
===== BUILD LOG =====
Change Dir: '/home/daniel/Documents/opencv/build/CMakeFiles/CMakeTmp'

Run Build Command(s): /usr/bin/cmake -E env VERBOSE=1 /usr/bin/gmake -f Makefile cmTC_75e6c/fast
/usr/bin/gmake  -f CMakeFiles/cmTC_75e6c.dir/build.make CMakeFiles/cmTC_75e6c.dir/build
gmake[1]: Entering directory '/home/daniel/Documents/opencv/build/CMakeFiles/CMakeTmp'
Building CXX object CMakeFiles/cmTC_75e6c.dir/src.cxx.o
/usr/bin/c++   -g -std=c++11 -fPIE    -fsigned-char -W -Wall -Wreturn-type -Wnon-virtual-dtor -Waddress -Wsequence-point -Wformat -Wformat-security -Wmissing-declarations  -Wmissing-prototypes -o CMakeFiles/cmTC_75e6c.dir/src.cxx.o -c /home/daniel/Documents/opencv/build/CMakeFiles/CMakeTmp/src.cxx
cc1plus: warning: command-line option ‘-Wmissing-prototypes’ is valid for C/ObjC but not for C++
/home/daniel/Documents/opencv/build/CMakeFiles/CMakeTmp/src.cxx:1: warning: ignoring ‘#pragma  ’ [-Wunknown-pragmas]
    1 | #pragma
Linking CXX executable cmTC_75e6c
/usr/bin/cmake -E cmake_link_script CMakeFiles/cmTC_75e6c.dir/link.txt --verbose=1
/usr/bin/c++ -g CMakeFiles/cmTC_75e6c.dir/src.cxx.o -o cmTC_75e6c
gmake[1]: Leaving directory '/home/daniel/Documents/opencv/build/CMakeFiles/CMakeTmp'


===== END =====

Build output check failed:
    Regex: 'command[- ]line option .* is valid for .* but not for C\+\+'
    Output line: 'cc1plus: warning: command-line option ‘-Wstrict-prototypes’ is valid for C/ObjC but not for C++'
Compilation failed:
    source file: '/home/daniel/Documents/opencv/build/CMakeFiles/CMakeTmp/src.cxx'
    check option: ' -fsigned-char -W -Wall -Wreturn-type -Wnon-virtual-dtor -Waddress -Wsequence-point -Wformat -Wformat-security -Wmissing-declarations  -Wstrict-prototypes'
===== BUILD LOG =====
Change Dir: '/home/daniel/Documents/opencv/build/CMakeFiles/CMakeTmp'

Run Build Command(s): /usr/bin/cmake -E env VERBOSE=1 /usr/bin/gmake -f Makefile cmTC_e6edb/fast
/usr/bin/gmake  -f CMakeFiles/cmTC_e6edb.dir/build.make CMakeFiles/cmTC_e6edb.dir/build
gmake[1]: Entering directory '/home/daniel/Documents/opencv/build/CMakeFiles/CMakeTmp'
Building CXX object CMakeFiles/cmTC_e6edb.dir/src.cxx.o
/usr/bin/c++   -g -std=c++11 -fPIE    -fsigned-char -W -Wall -Wreturn-type -Wnon-virtual-dtor -Waddress -Wsequence-point -Wformat -Wformat-security -Wmissing-declarations  -Wstrict-prototypes -o CMakeFiles/cmTC_e6edb.dir/src.cxx.o -c /home/daniel/Documents/opencv/build/CMakeFiles/CMakeTmp/src.cxx
cc1plus: warning: command-line option ‘-Wstrict-prototypes’ is valid for C/ObjC but not for C++
/home/daniel/Documents/opencv/build/CMakeFiles/CMakeTmp/src.cxx:1: warning: ignoring ‘#pragma  ’ [-Wunknown-pragmas]
    1 | #pragma
Linking CXX executable cmTC_e6edb
/usr/bin/cmake -E cmake_link_script CMakeFiles/cmTC_e6edb.dir/link.txt --verbose=1
/usr/bin/c++ -g CMakeFiles/cmTC_e6edb.dir/src.cxx.o -o cmTC_e6edb
gmake[1]: Leaving directory '/home/daniel/Documents/opencv/build/CMakeFiles/CMakeTmp'


===== END =====

Build output check failed:
    Regex: 'command[- ]line option .* is valid for .* but not for C'
    Output line: 'cc1: warning: command-line option ‘-Wsign-promo’ is valid for C++/ObjC++ but not for C'
Compilation failed:
    source file: '/home/daniel/Documents/opencv/build/CMakeFiles/CMakeTmp/src.c'
    check option: ' -fsigned-char -W -Wall -Wreturn-type -Waddress -Wsequence-point -Wformat -Wformat-security -Wmissing-declarations -Wmissing-prototypes -Wstrict-prototypes -Wundef -Winit-self -Wpointer-arith -Wshadow  -Wsign-promo'
===== BUILD LOG =====
Change Dir: '/home/daniel/Documents/opencv/build/CMakeFiles/CMakeTmp'

Run Build Command(s): /usr/bin/cmake -E env VERBOSE=1 /usr/bin/gmake -f Makefile cmTC_1eb71/fast
/usr/bin/gmake  -f CMakeFiles/cmTC_1eb71.dir/build.make CMakeFiles/cmTC_1eb71.dir/build
gmake[1]: Entering directory '/home/daniel/Documents/opencv/build/CMakeFiles/CMakeTmp'
Building C object CMakeFiles/cmTC_1eb71.dir/src.c.o
/usr/bin/cc   -g -fPIE    -fsigned-char -W -Wall -Wreturn-type -Waddress -Wsequence-point -Wformat -Wformat-security -Wmissing-declarations -Wmissing-prototypes -Wstrict-prototypes -Wundef -Winit-self -Wpointer-arith -Wshadow  -Wsign-promo -o CMakeFiles/cmTC_1eb71.dir/src.c.o -c /home/daniel/Documents/opencv/build/CMakeFiles/CMakeTmp/src.c
cc1: warning: command-line option ‘-Wsign-promo’ is valid for C++/ObjC++ but not for C
/home/daniel/Documents/opencv/build/CMakeFiles/CMakeTmp/src.c:1: warning: ignoring ‘#pragma  ’ [-Wunknown-pragmas]
    1 | #pragma
Linking C executable cmTC_1eb71
/usr/bin/cmake -E cmake_link_script CMakeFiles/cmTC_1eb71.dir/link.txt --verbose=1
/usr/bin/cc -g CMakeFiles/cmTC_1eb71.dir/src.c.o -o cmTC_1eb71
gmake[1]: Leaving directory '/home/daniel/Documents/opencv/build/CMakeFiles/CMakeTmp'


===== END =====

Build output check failed:
    Regex: 'command[- ]line option .* is valid for .* but not for C'
    Output line: 'cc1: warning: command-line option ‘-Wsuggest-override’ is valid for C++/ObjC++ but not for C'
Compilation failed:
    source file: '/home/daniel/Documents/opencv/build/CMakeFiles/CMakeTmp/src.c'
    check option: ' -fsigned-char -W -Wall -Wreturn-type -Waddress -Wsequence-point -Wformat -Wformat-security -Wmissing-declarations -Wmissing-prototypes -Wstrict-prototypes -Wundef -Winit-self -Wpointer-arith -Wshadow -Wuninitialized  -Wsuggest-override'
===== BUILD LOG =====
Change Dir: '/home/daniel/Documents/opencv/build/CMakeFiles/CMakeTmp'

Run Build Command(s): /usr/bin/cmake -E env VERBOSE=1 /usr/bin/gmake -f Makefile cmTC_390b7/fast
/usr/bin/gmake  -f CMakeFiles/cmTC_390b7.dir/build.make CMakeFiles/cmTC_390b7.dir/build
gmake[1]: Entering directory '/home/daniel/Documents/opencv/build/CMakeFiles/CMakeTmp'
Building C object CMakeFiles/cmTC_390b7.dir/src.c.o
/usr/bin/cc   -g -fPIE    -fsigned-char -W -Wall -Wreturn-type -Waddress -Wsequence-point -Wformat -Wformat-security -Wmissing-declarations -Wmissing-prototypes -Wstrict-prototypes -Wundef -Winit-self -Wpointer-arith -Wshadow -Wuninitialized  -Wsuggest-override -o CMakeFiles/cmTC_390b7.dir/src.c.o -c /home/daniel/Documents/opencv/build/CMakeFiles/CMakeTmp/src.c
cc1: warning: command-line option ‘-Wsuggest-override’ is valid for C++/ObjC++ but not for C
/home/daniel/Documents/opencv/build/CMakeFiles/CMakeTmp/src.c:1: warning: ignoring ‘#pragma  ’ [-Wunknown-pragmas]
    1 | #pragma
Linking C executable cmTC_390b7
/usr/bin/cmake -E cmake_link_script CMakeFiles/cmTC_390b7.dir/link.txt --verbose=1
/usr/bin/cc -g CMakeFiles/cmTC_390b7.dir/src.c.o -o cmTC_390b7
gmake[1]: Leaving directory '/home/daniel/Documents/opencv/build/CMakeFiles/CMakeTmp'


===== END =====

Build output check failed:
    Regex: 'command[- ]line option .* is valid for .* but not for C'
    Output line: 'cc1: warning: command-line option ‘-Wno-delete-non-virtual-dtor’ is valid for C++/ObjC++ but not for C'
Compilation failed:
    source file: '/home/daniel/Documents/opencv/build/CMakeFiles/CMakeTmp/src.c'
    check option: ' -fsigned-char -W -Wall -Wreturn-type -Waddress -Wsequence-point -Wformat -Wformat-security -Wmissing-declarations -Wmissing-prototypes -Wstrict-prototypes -Wundef -Winit-self -Wpointer-arith -Wshadow -Wuninitialized  -Wno-delete-non-virtual-dtor'
===== BUILD LOG =====
Change Dir: '/home/daniel/Documents/opencv/build/CMakeFiles/CMakeTmp'

Run Build Command(s): /usr/bin/cmake -E env VERBOSE=1 /usr/bin/gmake -f Makefile cmTC_3de3c/fast
/usr/bin/gmake  -f CMakeFiles/cmTC_3de3c.dir/build.make CMakeFiles/cmTC_3de3c.dir/build
gmake[1]: Entering directory '/home/daniel/Documents/opencv/build/CMakeFiles/CMakeTmp'
Building C object CMakeFiles/cmTC_3de3c.dir/src.c.o
/usr/bin/cc   -g -fPIE    -fsigned-char -W -Wall -Wreturn-type -Waddress -Wsequence-point -Wformat -Wformat-security -Wmissing-declarations -Wmissing-prototypes -Wstrict-prototypes -Wundef -Winit-self -Wpointer-arith -Wshadow -Wuninitialized  -Wno-delete-non-virtual-dtor -o CMakeFiles/cmTC_3de3c.dir/src.c.o -c /home/daniel/Documents/opencv/build/CMakeFiles/CMakeTmp/src.c
cc1: warning: command-line option ‘-Wno-delete-non-virtual-dtor’ is valid for C++/ObjC++ but not for C
/home/daniel/Documents/opencv/build/CMakeFiles/CMakeTmp/src.c:1: warning: ignoring ‘#pragma  ’ [-Wunknown-pragmas]
    1 | #pragma
Linking C executable cmTC_3de3c
/usr/bin/cmake -E cmake_link_script CMakeFiles/cmTC_3de3c.dir/link.txt --verbose=1
/usr/bin/cc -g CMakeFiles/cmTC_3de3c.dir/src.c.o -o cmTC_3de3c
gmake[1]: Leaving directory '/home/daniel/Documents/opencv/build/CMakeFiles/CMakeTmp'


===== END =====

Build output check failed:
    Regex: 'unrecognized .*option'
    Output line: 'cc1plus: note: unrecognized command-line option ‘-Wno-unnamed-type-template-args’ may have been intended to silence earlier diagnostics'
Compilation failed:
    source file: '/home/daniel/Documents/opencv/build/CMakeFiles/CMakeTmp/src.cxx'
    check option: ' -fsigned-char -W -Wall -Wreturn-type -Wnon-virtual-dtor -Waddress -Wsequence-point -Wformat -Wformat-security -Wmissing-declarations -Wundef -Winit-self -Wpointer-arith -Wshadow -Wsign-promo -Wuninitialized -Wsuggest-override -Wno-delete-non-virtual-dtor  -Wno-unnamed-type-template-args'
===== BUILD LOG =====
Change Dir: '/home/daniel/Documents/opencv/build/CMakeFiles/CMakeTmp'

Run Build Command(s): /usr/bin/cmake -E env VERBOSE=1 /usr/bin/gmake -f Makefile cmTC_a4073/fast
/usr/bin/gmake  -f CMakeFiles/cmTC_a4073.dir/build.make CMakeFiles/cmTC_a4073.dir/build
gmake[1]: Entering directory '/home/daniel/Documents/opencv/build/CMakeFiles/CMakeTmp'
Building CXX object CMakeFiles/cmTC_a4073.dir/src.cxx.o
/usr/bin/c++   -g -std=c++11 -fPIE    -fsigned-char -W -Wall -Wreturn-type -Wnon-virtual-dtor -Waddress -Wsequence-point -Wformat -Wformat-security -Wmissing-declarations -Wundef -Winit-self -Wpointer-arith -Wshadow -Wsign-promo -Wuninitialized -Wsuggest-override -Wno-delete-non-virtual-dtor  -Wno-unnamed-type-template-args -o CMakeFiles/cmTC_a4073.dir/src.cxx.o -c /home/daniel/Documents/opencv/build/CMakeFiles/CMakeTmp/src.cxx
/home/daniel/Documents/opencv/build/CMakeFiles/CMakeTmp/src.cxx:1: warning: ignoring ‘#pragma  ’ [-Wunknown-pragmas]
    1 | #pragma
cc1plus: note: unrecognized command-line option ‘-Wno-unnamed-type-template-args’ may have been intended to silence earlier diagnostics
Linking CXX executable cmTC_a4073
/usr/bin/cmake -E cmake_link_script CMakeFiles/cmTC_a4073.dir/link.txt --verbose=1
/usr/bin/c++ -g CMakeFiles/cmTC_a4073.dir/src.cxx.o -o cmTC_a4073
gmake[1]: Leaving directory '/home/daniel/Documents/opencv/build/CMakeFiles/CMakeTmp'


===== END =====

Build output check failed:
    Regex: 'unrecognized .*option'
    Output line: 'cc1: note: unrecognized command-line option ‘-Wno-unnamed-type-template-args’ may have been intended to silence earlier diagnostics'
Compilation failed:
    source file: '/home/daniel/Documents/opencv/build/CMakeFiles/CMakeTmp/src.c'
    check option: ' -fsigned-char -W -Wall -Wreturn-type -Waddress -Wsequence-point -Wformat -Wformat-security -Wmissing-declarations -Wmissing-prototypes -Wstrict-prototypes -Wundef -Winit-self -Wpointer-arith -Wshadow -Wuninitialized  -Wno-unnamed-type-template-args'
===== BUILD LOG =====
Change Dir: '/home/daniel/Documents/opencv/build/CMakeFiles/CMakeTmp'

Run Build Command(s): /usr/bin/cmake -E env VERBOSE=1 /usr/bin/gmake -f Makefile cmTC_4e2e0/fast
/usr/bin/gmake  -f CMakeFiles/cmTC_4e2e0.dir/build.make CMakeFiles/cmTC_4e2e0.dir/build
gmake[1]: Entering directory '/home/daniel/Documents/opencv/build/CMakeFiles/CMakeTmp'
Building C object CMakeFiles/cmTC_4e2e0.dir/src.c.o
/usr/bin/cc   -g -fPIE    -fsigned-char -W -Wall -Wreturn-type -Waddress -Wsequence-point -Wformat -Wformat-security -Wmissing-declarations -Wmissing-prototypes -Wstrict-prototypes -Wundef -Winit-self -Wpointer-arith -Wshadow -Wuninitialized  -Wno-unnamed-type-template-args -o CMakeFiles/cmTC_4e2e0.dir/src.c.o -c /home/daniel/Documents/opencv/build/CMakeFiles/CMakeTmp/src.c
/home/daniel/Documents/opencv/build/CMakeFiles/CMakeTmp/src.c:1: warning: ignoring ‘#pragma  ’ [-Wunknown-pragmas]
    1 | #pragma
cc1: note: unrecognized command-line option ‘-Wno-unnamed-type-template-args’ may have been intended to silence earlier diagnostics
Linking C executable cmTC_4e2e0
/usr/bin/cmake -E cmake_link_script CMakeFiles/cmTC_4e2e0.dir/link.txt --verbose=1
/usr/bin/cc -g CMakeFiles/cmTC_4e2e0.dir/src.c.o -o cmTC_4e2e0
gmake[1]: Leaving directory '/home/daniel/Documents/opencv/build/CMakeFiles/CMakeTmp'


===== END =====

Compilation failed:
    source file: '/home/daniel/Documents/opencv/opencv-4.x/cmake/checks/cpu_sse3.cpp'
    check option: ''
===== BUILD LOG =====
Change Dir: '/home/daniel/Documents/opencv/build/CMakeFiles/CMakeTmp'

Run Build Command(s): /usr/bin/cmake -E env VERBOSE=1 /usr/bin/gmake -f Makefile cmTC_0639b/fast
/usr/bin/gmake  -f CMakeFiles/cmTC_0639b.dir/build.make CMakeFiles/cmTC_0639b.dir/build
gmake[1]: Entering directory '/home/daniel/Documents/opencv/build/CMakeFiles/CMakeTmp'
Building CXX object CMakeFiles/cmTC_0639b.dir/cpu_sse3.cpp.o
/usr/bin/c++   -g -std=c++11 -fPIE -o CMakeFiles/cmTC_0639b.dir/cpu_sse3.cpp.o -c /home/daniel/Documents/opencv/opencv-4.x/cmake/checks/cpu_sse3.cpp
In file included from /home/daniel/Documents/opencv/opencv-4.x/cmake/checks/cpu_sse3.cpp:1:
/usr/lib/gcc/x86_64-redhat-linux/14/include/pmmintrin.h: In function ‘int main()’:
/usr/lib/gcc/x86_64-redhat-linux/14/include/pmmintrin.h:75:1: error: inlining failed in call to ‘always_inline’ ‘__m128 _mm_moveldup_ps(__m128)’: target specific option mismatch
   75 | _mm_moveldup_ps (__m128 __X)
      | ^~~~~~~~~~~~~~~
/home/daniel/Documents/opencv/opencv-4.x/cmake/checks/cpu_sse3.cpp:5:24: note: called from here
    5 |     v = _mm_moveldup_ps(u); // SSE3
      |         ~~~~~~~~~~~~~~~^~~
/usr/lib/gcc/x86_64-redhat-linux/14/include/pmmintrin.h:75:1: error: inlining failed in call to ‘always_inline’ ‘__m128 _mm_moveldup_ps(__m128)’: target specific option mismatch
   75 | _mm_moveldup_ps (__m128 __X)
      | ^~~~~~~~~~~~~~~
/home/daniel/Documents/opencv/opencv-4.x/cmake/checks/cpu_sse3.cpp:5:24: note: called from here
    5 |     v = _mm_moveldup_ps(u); // SSE3
      |         ~~~~~~~~~~~~~~~^~~
gmake[1]: *** [CMakeFiles/cmTC_0639b.dir/build.make:78: CMakeFiles/cmTC_0639b.dir/cpu_sse3.cpp.o] Error 1
gmake[1]: Leaving directory '/home/daniel/Documents/opencv/build/CMakeFiles/CMakeTmp'
gmake: *** [Makefile:127: cmTC_0639b/fast] Error 2


===== END =====

Build output check failed:
    Regex: 'command[- ]line option .* is valid for .* but not for C'
    Output line: 'cc1: warning: command-line option ‘-fvisibility-inlines-hidden’ is valid for C++/ObjC++ but not for C'
Compilation failed:
    source file: '/home/daniel/Documents/opencv/build/CMakeFiles/CMakeTmp/src.c'
    check option: ' -fsigned-char -W -Wall -Wreturn-type -Waddress -Wsequence-point -Wformat -Wformat-security -Wmissing-declarations -Wmissing-prototypes -Wstrict-prototypes -Wundef -Winit-self -Wpointer-arith -Wshadow -Wuninitialized -Wno-comment -Wimplicit-fallthrough=3 -Wno-strict-overflow -fdiagnostics-show-option -pthread -fomit-frame-pointer -ffunction-sections -fdata-sections  -msse3 -fvisibility=hidden  -fvisibility-inlines-hidden'
===== BUILD LOG =====
Change Dir: '/home/daniel/Documents/opencv/build/CMakeFiles/CMakeTmp'

Run Build Command(s): /usr/bin/cmake -E env VERBOSE=1 /usr/bin/gmake -f Makefile cmTC_475eb/fast
/usr/bin/gmake  -f CMakeFiles/cmTC_475eb.dir/build.make CMakeFiles/cmTC_475eb.dir/build
gmake[1]: Entering directory '/home/daniel/Documents/opencv/build/CMakeFiles/CMakeTmp'
Building C object CMakeFiles/cmTC_475eb.dir/src.c.o
/usr/bin/cc   -g -fPIE    -fsigned-char -W -Wall -Wreturn-type -Waddress -Wsequence-point -Wformat -Wformat-security -Wmissing-declarations -Wmissing-prototypes -Wstrict-prototypes -Wundef -Winit-self -Wpointer-arith -Wshadow -Wuninitialized -Wno-comment -Wimplicit-fallthrough=3 -Wno-strict-overflow -fdiagnostics-show-option -pthread -fomit-frame-pointer -ffunction-sections -fdata-sections  -msse3 -fvisibility=hidden  -fvisibility-inlines-hidden -o CMakeFiles/cmTC_475eb.dir/src.c.o -c /home/daniel/Documents/opencv/build/CMakeFiles/CMakeTmp/src.c
cc1: warning: command-line option ‘-fvisibility-inlines-hidden’ is valid for C++/ObjC++ but not for C
/home/daniel/Documents/opencv/build/CMakeFiles/CMakeTmp/src.c:1: warning: ignoring ‘#pragma  ’ [-Wunknown-pragmas]
    1 | #pragma
Linking C executable cmTC_475eb
/usr/bin/cmake -E cmake_link_script CMakeFiles/cmTC_475eb.dir/link.txt --verbose=1
/usr/bin/cc -g CMakeFiles/cmTC_475eb.dir/src.c.o -o cmTC_475eb
gmake[1]: Leaving directory '/home/daniel/Documents/opencv/build/CMakeFiles/CMakeTmp'


===== END =====

Build output check failed:
    Regex: 'unrecognized .*option'
    Output line: 'cc1: note: unrecognized command-line option ‘-Wno-implicit-const-int-float-conversion’ may have been intended to silence earlier diagnostics'
Compilation failed:
    source file: '/home/daniel/Documents/opencv/build/CMakeFiles/CMakeTmp/src.c'
    check option: ' -Wno-implicit-const-int-float-conversion'
===== BUILD LOG =====
Change Dir: '/home/daniel/Documents/opencv/build/CMakeFiles/CMakeTmp'

Run Build Command(s): /usr/bin/cmake -E env VERBOSE=1 /usr/bin/gmake -f Makefile cmTC_28aca/fast
/usr/bin/gmake  -f CMakeFiles/cmTC_28aca.dir/build.make CMakeFiles/cmTC_28aca.dir/build
gmake[1]: Entering directory '/home/daniel/Documents/opencv/build/CMakeFiles/CMakeTmp'
Building C object CMakeFiles/cmTC_28aca.dir/src.c.o
/usr/bin/cc   -fsigned-char -W -Wall -Wreturn-type -Waddress -Wsequence-point -Wformat -Wformat-security -Wmissing-declarations -Wmissing-prototypes -Wstrict-prototypes -Wundef -Winit-self -Wpointer-arith -Wshadow -Wuninitialized -Wno-comment -Wimplicit-fallthrough=3 -Wno-strict-overflow -fdiagnostics-show-option -pthread -fomit-frame-pointer -ffunction-sections -fdata-sections  -msse3 -fvisibility=hidden  -g  -O0 -DDEBUG -D_DEBUG -fPIE    -Wno-implicit-const-int-float-conversion -o CMakeFiles/cmTC_28aca.dir/src.c.o -c /home/daniel/Documents/opencv/build/CMakeFiles/CMakeTmp/src.c
/home/daniel/Documents/opencv/build/CMakeFiles/CMakeTmp/src.c:1: warning: ignoring ‘#pragma  ’ [-Wunknown-pragmas]
    1 | #pragma
cc1: note: unrecognized command-line option ‘-Wno-implicit-const-int-float-conversion’ may have been intended to silence earlier diagnostics
Linking C executable cmTC_28aca
/usr/bin/cmake -E cmake_link_script CMakeFiles/cmTC_28aca.dir/link.txt --verbose=1
/usr/bin/cc    -fsigned-char -W -Wall -Wreturn-type -Waddress -Wsequence-point -Wformat -Wformat-security -Wmissing-declarations -Wmissing-prototypes -Wstrict-prototypes -Wundef -Winit-self -Wpointer-arith -Wshadow -Wuninitialized -Wno-comment -Wimplicit-fallthrough=3 -Wno-strict-overflow -fdiagnostics-show-option -pthread -fomit-frame-pointer -ffunction-sections -fdata-sections  -msse3 -fvisibility=hidden  -g  -O0 -DDEBUG -D_DEBUG   -Wl,--gc-sections -Wl,--as-needed -Wl,--no-undefined  CMakeFiles/cmTC_28aca.dir/src.c.o -o cmTC_28aca
gmake[1]: Leaving directory '/home/daniel/Documents/opencv/build/CMakeFiles/CMakeTmp'


===== END =====

Build output check failed:
    Regex: 'unrecognized .*option'
    Output line: 'cc1: note: unrecognized command-line option ‘-Wno-documentation’ may have been intended to silence earlier diagnostics'
Compilation failed:
    source file: '/home/daniel/Documents/opencv/build/CMakeFiles/CMakeTmp/src.c'
    check option: ' -Wno-documentation'
===== BUILD LOG =====
Change Dir: '/home/daniel/Documents/opencv/build/CMakeFiles/CMakeTmp'

Run Build Command(s): /usr/bin/cmake -E env VERBOSE=1 /usr/bin/gmake -f Makefile cmTC_aa0f5/fast
/usr/bin/gmake  -f CMakeFiles/cmTC_aa0f5.dir/build.make CMakeFiles/cmTC_aa0f5.dir/build
gmake[1]: Entering directory '/home/daniel/Documents/opencv/build/CMakeFiles/CMakeTmp'
Building C object CMakeFiles/cmTC_aa0f5.dir/src.c.o
/usr/bin/cc   -fsigned-char -W -Wall -Wreturn-type -Waddress -Wsequence-point -Wformat -Wformat-security -Wstrict-prototypes -Wundef -Winit-self -Wpointer-arith -Wshadow -Wuninitialized -Wno-comment -Wimplicit-fallthrough=3 -Wno-strict-overflow -fdiagnostics-show-option -pthread -fomit-frame-pointer -ffunction-sections -fdata-sections  -msse3 -fvisibility=hidden -Wno-unused-but-set-variable -Wno-missing-prototypes -Wno-missing-declarations  -g  -O0 -DDEBUG -D_DEBUG -fPIE    -Wno-documentation -o CMakeFiles/cmTC_aa0f5.dir/src.c.o -c /home/daniel/Documents/opencv/build/CMakeFiles/CMakeTmp/src.c
/home/daniel/Documents/opencv/build/CMakeFiles/CMakeTmp/src.c:1: warning: ignoring ‘#pragma  ’ [-Wunknown-pragmas]
    1 | #pragma
cc1: note: unrecognized command-line option ‘-Wno-documentation’ may have been intended to silence earlier diagnostics
Linking C executable cmTC_aa0f5
/usr/bin/cmake -E cmake_link_script CMakeFiles/cmTC_aa0f5.dir/link.txt --verbose=1
/usr/bin/cc    -fsigned-char -W -Wall -Wreturn-type -Waddress -Wsequence-point -Wformat -Wformat-security -Wstrict-prototypes -Wundef -Winit-self -Wpointer-arith -Wshadow -Wuninitialized -Wno-comment -Wimplicit-fallthrough=3 -Wno-strict-overflow -fdiagnostics-show-option -pthread -fomit-frame-pointer -ffunction-sections -fdata-sections  -msse3 -fvisibility=hidden -Wno-unused-but-set-variable -Wno-missing-prototypes -Wno-missing-declarations  -g  -O0 -DDEBUG -D_DEBUG   -Wl,--gc-sections -Wl,--as-needed -Wl,--no-undefined  CMakeFiles/cmTC_aa0f5.dir/src.c.o -o cmTC_aa0f5
gmake[1]: Leaving directory '/home/daniel/Documents/opencv/build/CMakeFiles/CMakeTmp'


===== END =====

Build output check failed:
    Regex: 'unrecognized .*option'
    Output line: 'cc1plus: note: unrecognized command-line option ‘-Wno-inconsistent-missing-override’ may have been intended to silence earlier diagnostics'
Compilation failed:
    source file: '/home/daniel/Documents/opencv/build/CMakeFiles/CMakeTmp/src.cxx'
    check option: ' -Wno-inconsistent-missing-override'
===== BUILD LOG =====
Change Dir: '/home/daniel/Documents/opencv/build/CMakeFiles/CMakeTmp'

Run Build Command(s): /usr/bin/cmake -E env VERBOSE=1 /usr/bin/gmake -f Makefile cmTC_5bf32/fast
/usr/bin/gmake  -f CMakeFiles/cmTC_5bf32.dir/build.make CMakeFiles/cmTC_5bf32.dir/build
gmake[1]: Entering directory '/home/daniel/Documents/opencv/build/CMakeFiles/CMakeTmp'
Building CXX object CMakeFiles/cmTC_5bf32.dir/src.cxx.o
/usr/bin/c++   -fsigned-char -W -Wall -Wreturn-type -Wnon-virtual-dtor -Waddress -Wsequence-point -Wformat -Wformat-security -Winit-self -Wpointer-arith -Wsign-promo -Wno-delete-non-virtual-dtor -Wno-comment -Wimplicit-fallthrough=3 -Wno-strict-overflow -fdiagnostics-show-option -pthread -fomit-frame-pointer -ffunction-sections -fdata-sections  -msse3 -fvisibility=hidden -fvisibility-inlines-hidden -Wno-shadow -Wno-unused -Wno-sign-compare -Wno-undef -Wno-missing-declarations -Wno-uninitialized -Wno-switch -Wno-parentheses -Wno-array-bounds -Wno-extra -Wno-deprecated-declarations -Wno-misleading-indentation -Wno-deprecated -Wno-suggest-override  -g  -O0 -DDEBUG -D_DEBUG -std=c++11 -fPIE    -Wno-inconsistent-missing-override -o CMakeFiles/cmTC_5bf32.dir/src.cxx.o -c /home/daniel/Documents/opencv/build/CMakeFiles/CMakeTmp/src.cxx
/home/daniel/Documents/opencv/build/CMakeFiles/CMakeTmp/src.cxx:1: warning: ignoring ‘#pragma  ’ [-Wunknown-pragmas]
    1 | #pragma
cc1plus: note: unrecognized command-line option ‘-Wno-inconsistent-missing-override’ may have been intended to silence earlier diagnostics
Linking CXX executable cmTC_5bf32
/usr/bin/cmake -E cmake_link_script CMakeFiles/cmTC_5bf32.dir/link.txt --verbose=1
/usr/bin/c++    -fsigned-char -W -Wall -Wreturn-type -Wnon-virtual-dtor -Waddress -Wsequence-point -Wformat -Wformat-security -Winit-self -Wpointer-arith -Wsign-promo -Wno-delete-non-virtual-dtor -Wno-comment -Wimplicit-fallthrough=3 -Wno-strict-overflow -fdiagnostics-show-option -pthread -fomit-frame-pointer -ffunction-sections -fdata-sections  -msse3 -fvisibility=hidden -fvisibility-inlines-hidden -Wno-shadow -Wno-unused -Wno-sign-compare -Wno-undef -Wno-missing-declarations -Wno-uninitialized -Wno-switch -Wno-parentheses -Wno-array-bounds -Wno-extra -Wno-deprecated-declarations -Wno-misleading-indentation -Wno-deprecated -Wno-suggest-override  -g  -O0 -DDEBUG -D_DEBUG   -Wl,--gc-sections -Wl,--as-needed -Wl,--no-undefined  CMakeFiles/cmTC_5bf32.dir/src.cxx.o -o cmTC_5bf32
gmake[1]: Leaving directory '/home/daniel/Documents/opencv/build/CMakeFiles/CMakeTmp'


===== END =====

Build output check failed:
    Regex: 'command[- ]line option .* is valid for .* but not for C\+\+'
    Output line: 'cc1plus: warning: command-line option ‘-Wno-missing-prototypes’ is valid for C/ObjC but not for C++'
Compilation failed:
    source file: '/home/daniel/Documents/opencv/build/CMakeFiles/CMakeTmp/src.cxx'
    check option: ' -Wno-missing-prototypes'
===== BUILD LOG =====
Change Dir: '/home/daniel/Documents/opencv/build/CMakeFiles/CMakeTmp'

Run Build Command(s): /usr/bin/cmake -E env VERBOSE=1 /usr/bin/gmake -f Makefile cmTC_9c44d/fast
/usr/bin/gmake  -f CMakeFiles/cmTC_9c44d.dir/build.make CMakeFiles/cmTC_9c44d.dir/build
gmake[1]: Entering directory '/home/daniel/Documents/opencv/build/CMakeFiles/CMakeTmp'
Building CXX object CMakeFiles/cmTC_9c44d.dir/src.cxx.o
/usr/bin/c++   -fsigned-char -W -Wall -Wreturn-type -Wnon-virtual-dtor -Waddress -Wsequence-point -Wformat -Wformat-security -Winit-self -Wpointer-arith -Wsign-promo -Wno-delete-non-virtual-dtor -Wno-comment -Wno-strict-overflow -fdiagnostics-show-option -pthread -fomit-frame-pointer -ffunction-sections -fdata-sections  -msse3 -fvisibility=hidden -fvisibility-inlines-hidden -Wno-shadow -Wno-unused -Wno-sign-compare -Wno-undef -Wno-missing-declarations -Wno-uninitialized -Wno-switch -Wno-parentheses -Wno-array-bounds -Wno-extra -Wno-deprecated-declarations -Wno-misleading-indentation -Wno-deprecated -Wno-suggest-override -Wno-implicit-fallthrough -Wno-tautological-compare  -g  -O0 -DDEBUG -D_DEBUG -std=c++11 -fPIE    -Wno-missing-prototypes -o CMakeFiles/cmTC_9c44d.dir/src.cxx.o -c /home/daniel/Documents/opencv/build/CMakeFiles/CMakeTmp/src.cxx
cc1plus: warning: command-line option ‘-Wno-missing-prototypes’ is valid for C/ObjC but not for C++
/home/daniel/Documents/opencv/build/CMakeFiles/CMakeTmp/src.cxx:1: warning: ignoring ‘#pragma  ’ [-Wunknown-pragmas]
    1 | #pragma
Linking CXX executable cmTC_9c44d
/usr/bin/cmake -E cmake_link_script CMakeFiles/cmTC_9c44d.dir/link.txt --verbose=1
/usr/bin/c++    -fsigned-char -W -Wall -Wreturn-type -Wnon-virtual-dtor -Waddress -Wsequence-point -Wformat -Wformat-security -Winit-self -Wpointer-arith -Wsign-promo -Wno-delete-non-virtual-dtor -Wno-comment -Wno-strict-overflow -fdiagnostics-show-option -pthread -fomit-frame-pointer -ffunction-sections -fdata-sections  -msse3 -fvisibility=hidden -fvisibility-inlines-hidden -Wno-shadow -Wno-unused -Wno-sign-compare -Wno-undef -Wno-missing-declarations -Wno-uninitialized -Wno-switch -Wno-parentheses -Wno-array-bounds -Wno-extra -Wno-deprecated-declarations -Wno-misleading-indentation -Wno-deprecated -Wno-suggest-override -Wno-implicit-fallthrough -Wno-tautological-compare  -g  -O0 -DDEBUG -D_DEBUG   -Wl,--gc-sections -Wl,--as-needed -Wl,--no-undefined  CMakeFiles/cmTC_9c44d.dir/src.cxx.o -o cmTC_9c44d
gmake[1]: Leaving directory '/home/daniel/Documents/opencv/build/CMakeFiles/CMakeTmp'


===== END =====

Build output check failed:
    Regex: 'unrecognized .*option'
    Output line: 'cc1plus: note: unrecognized command-line option ‘-Wno-implicit-const-int-float-conversion’ may have been intended to silence earlier diagnostics'
Compilation failed:
    source file: '/home/daniel/Documents/opencv/build/CMakeFiles/CMakeTmp/src.cxx'
    check option: ' -Wno-implicit-const-int-float-conversion'
===== BUILD LOG =====
Change Dir: '/home/daniel/Documents/opencv/build/CMakeFiles/CMakeTmp'

Run Build Command(s): /usr/bin/cmake -E env VERBOSE=1 /usr/bin/gmake -f Makefile cmTC_e4184/fast
/usr/bin/gmake  -f CMakeFiles/cmTC_e4184.dir/build.make CMakeFiles/cmTC_e4184.dir/build
gmake[1]: Entering directory '/home/daniel/Documents/opencv/build/CMakeFiles/CMakeTmp'
Building CXX object CMakeFiles/cmTC_e4184.dir/src.cxx.o
/usr/bin/c++   -fsigned-char -W -Wall -Wreturn-type -Wnon-virtual-dtor -Waddress -Wsequence-point -Wformat -Wformat-security -Winit-self -Wpointer-arith -Wsign-promo -Wno-delete-non-virtual-dtor -Wno-comment -Wno-strict-overflow -fdiagnostics-show-option -pthread -fomit-frame-pointer -ffunction-sections -fdata-sections  -msse3 -fvisibility=hidden -fvisibility-inlines-hidden -Wno-shadow -Wno-unused -Wno-sign-compare -Wno-undef -Wno-missing-declarations -Wno-uninitialized -Wno-switch -Wno-parentheses -Wno-array-bounds -Wno-extra -Wno-deprecated-declarations -Wno-misleading-indentation -Wno-deprecated -Wno-suggest-override -Wno-implicit-fallthrough -Wno-tautological-compare -Wno-reorder -Wno-unused-result  -g  -O0 -DDEBUG -D_DEBUG -std=c++11 -fPIE    -Wno-implicit-const-int-float-conversion -o CMakeFiles/cmTC_e4184.dir/src.cxx.o -c /home/daniel/Documents/opencv/build/CMakeFiles/CMakeTmp/src.cxx
/home/daniel/Documents/opencv/build/CMakeFiles/CMakeTmp/src.cxx:1: warning: ignoring ‘#pragma  ’ [-Wunknown-pragmas]
    1 | #pragma
cc1plus: note: unrecognized command-line option ‘-Wno-implicit-const-int-float-conversion’ may have been intended to silence earlier diagnostics
Linking CXX executable cmTC_e4184
/usr/bin/cmake -E cmake_link_script CMakeFiles/cmTC_e4184.dir/link.txt --verbose=1
/usr/bin/c++    -fsigned-char -W -Wall -Wreturn-type -Wnon-virtual-dtor -Waddress -Wsequence-point -Wformat -Wformat-security -Winit-self -Wpointer-arith -Wsign-promo -Wno-delete-non-virtual-dtor -Wno-comment -Wno-strict-overflow -fdiagnostics-show-option -pthread -fomit-frame-pointer -ffunction-sections -fdata-sections  -msse3 -fvisibility=hidden -fvisibility-inlines-hidden -Wno-shadow -Wno-unused -Wno-sign-compare -Wno-undef -Wno-missing-declarations -Wno-uninitialized -Wno-switch -Wno-parentheses -Wno-array-bounds -Wno-extra -Wno-deprecated-declarations -Wno-misleading-indentation -Wno-deprecated -Wno-suggest-override -Wno-implicit-fallthrough -Wno-tautological-compare -Wno-reorder -Wno-unused-result  -g  -O0 -DDEBUG -D_DEBUG   -Wl,--gc-sections -Wl,--as-needed -Wl,--no-undefined  CMakeFiles/cmTC_e4184.dir/src.cxx.o -o cmTC_e4184
gmake[1]: Leaving directory '/home/daniel/Documents/opencv/build/CMakeFiles/CMakeTmp'


===== END =====

Build output check failed:
    Regex: 'unrecognized .*option'
    Output line: 'cc1plus: note: unrecognized command-line option ‘-Wno-tautological-undefined-compare’ may have been intended to silence earlier diagnostics'
Compilation failed:
    source file: '/home/daniel/Documents/opencv/build/CMakeFiles/CMakeTmp/src.cxx'
    check option: ' -Wno-tautological-undefined-compare'
===== BUILD LOG =====
Change Dir: '/home/daniel/Documents/opencv/build/CMakeFiles/CMakeTmp'

Run Build Command(s): /usr/bin/cmake -E env VERBOSE=1 /usr/bin/gmake -f Makefile cmTC_456b0/fast
/usr/bin/gmake  -f CMakeFiles/cmTC_456b0.dir/build.make CMakeFiles/cmTC_456b0.dir/build
gmake[1]: Entering directory '/home/daniel/Documents/opencv/build/CMakeFiles/CMakeTmp'
Building CXX object CMakeFiles/cmTC_456b0.dir/src.cxx.o
/usr/bin/c++   -fsigned-char -W -Wall -Wreturn-type -Wnon-virtual-dtor -Waddress -Wsequence-point -Wformat -Wformat-security -Winit-self -Wpointer-arith -Wuninitialized -Wsuggest-override -Wno-delete-non-virtual-dtor -Wno-comment -Wimplicit-fallthrough=3 -Wno-strict-overflow -fdiagnostics-show-option -pthread -fomit-frame-pointer -ffunction-sections -fdata-sections  -msse3 -fvisibility=hidden -fvisibility-inlines-hidden -Wno-deprecated -Wno-missing-declarations -Wno-shadow -Wno-unused-parameter -Wno-unused-local-typedefs -Wno-sign-compare -Wno-sign-promo -Wno-undef  -g  -O0 -DDEBUG -D_DEBUG -std=c++11 -fPIE    -Wno-tautological-undefined-compare -o CMakeFiles/cmTC_456b0.dir/src.cxx.o -c /home/daniel/Documents/opencv/build/CMakeFiles/CMakeTmp/src.cxx
/home/daniel/Documents/opencv/build/CMakeFiles/CMakeTmp/src.cxx:1: warning: ignoring ‘#pragma  ’ [-Wunknown-pragmas]
    1 | #pragma
cc1plus: note: unrecognized command-line option ‘-Wno-tautological-undefined-compare’ may have been intended to silence earlier diagnostics
Linking CXX executable cmTC_456b0
/usr/bin/cmake -E cmake_link_script CMakeFiles/cmTC_456b0.dir/link.txt --verbose=1
/usr/bin/c++    -fsigned-char -W -Wall -Wreturn-type -Wnon-virtual-dtor -Waddress -Wsequence-point -Wformat -Wformat-security -Winit-self -Wpointer-arith -Wuninitialized -Wsuggest-override -Wno-delete-non-virtual-dtor -Wno-comment -Wimplicit-fallthrough=3 -Wno-strict-overflow -fdiagnostics-show-option -pthread -fomit-frame-pointer -ffunction-sections -fdata-sections  -msse3 -fvisibility=hidden -fvisibility-inlines-hidden -Wno-deprecated -Wno-missing-declarations -Wno-shadow -Wno-unused-parameter -Wno-unused-local-typedefs -Wno-sign-compare -Wno-sign-promo -Wno-undef  -g  -O0 -DDEBUG -D_DEBUG   -Wl,--gc-sections -Wl,--as-needed -Wl,--no-undefined  CMakeFiles/cmTC_456b0.dir/src.cxx.o -o cmTC_456b0
gmake[1]: Leaving directory '/home/daniel/Documents/opencv/build/CMakeFiles/CMakeTmp'


===== END =====

Build output check failed:
    Regex: 'unrecognized .*option'
    Output line: 'cc1plus: note: unrecognized command-line option ‘-Wno-shorten-64-to-32’ may have been intended to silence earlier diagnostics'
Compilation failed:
    source file: '/home/daniel/Documents/opencv/build/CMakeFiles/CMakeTmp/src.cxx'
    check option: ' -Wno-shorten-64-to-32'
===== BUILD LOG =====
Change Dir: '/home/daniel/Documents/opencv/build/CMakeFiles/CMakeTmp'

Run Build Command(s): /usr/bin/cmake -E env VERBOSE=1 /usr/bin/gmake -f Makefile cmTC_bb667/fast
/usr/bin/gmake  -f CMakeFiles/cmTC_bb667.dir/build.make CMakeFiles/cmTC_bb667.dir/build
gmake[1]: Entering directory '/home/daniel/Documents/opencv/build/CMakeFiles/CMakeTmp'
Building CXX object CMakeFiles/cmTC_bb667.dir/src.cxx.o
/usr/bin/c++   -fsigned-char -W -Wall -Wreturn-type -Wnon-virtual-dtor -Waddress -Wsequence-point -Wformat -Wformat-security -Winit-self -Wpointer-arith -Wuninitialized -Wsuggest-override -Wno-delete-non-virtual-dtor -Wno-comment -Wimplicit-fallthrough=3 -Wno-strict-overflow -fdiagnostics-show-option -pthread -fomit-frame-pointer -ffunction-sections -fdata-sections  -msse3 -fvisibility=hidden -fvisibility-inlines-hidden -Wno-deprecated -Wno-missing-declarations -Wno-shadow -Wno-unused-parameter -Wno-unused-local-typedefs -Wno-sign-compare -Wno-sign-promo -Wno-undef -Wno-ignored-qualifiers -Wno-extra -Wno-unused-function -Wno-unused-const-variable  -g  -O0 -DDEBUG -D_DEBUG -std=c++11 -fPIE    -Wno-shorten-64-to-32 -o CMakeFiles/cmTC_bb667.dir/src.cxx.o -c /home/daniel/Documents/opencv/build/CMakeFiles/CMakeTmp/src.cxx
/home/daniel/Documents/opencv/build/CMakeFiles/CMakeTmp/src.cxx:1: warning: ignoring ‘#pragma  ’ [-Wunknown-pragmas]
    1 | #pragma
cc1plus: note: unrecognized command-line option ‘-Wno-shorten-64-to-32’ may have been intended to silence earlier diagnostics
Linking CXX executable cmTC_bb667
/usr/bin/cmake -E cmake_link_script CMakeFiles/cmTC_bb667.dir/link.txt --verbose=1
/usr/bin/c++    -fsigned-char -W -Wall -Wreturn-type -Wnon-virtual-dtor -Waddress -Wsequence-point -Wformat -Wformat-security -Winit-self -Wpointer-arith -Wuninitialized -Wsuggest-override -Wno-delete-non-virtual-dtor -Wno-comment -Wimplicit-fallthrough=3 -Wno-strict-overflow -fdiagnostics-show-option -pthread -fomit-frame-pointer -ffunction-sections -fdata-sections  -msse3 -fvisibility=hidden -fvisibility-inlines-hidden -Wno-deprecated -Wno-missing-declarations -Wno-shadow -Wno-unused-parameter -Wno-unused-local-typedefs -Wno-sign-compare -Wno-sign-promo -Wno-undef -Wno-ignored-qualifiers -Wno-extra -Wno-unused-function -Wno-unused-const-variable  -g  -O0 -DDEBUG -D_DEBUG   -Wl,--gc-sections -Wl,--as-needed -Wl,--no-undefined  CMakeFiles/cmTC_bb667.dir/src.cxx.o -o cmTC_bb667
gmake[1]: Leaving directory '/home/daniel/Documents/opencv/build/CMakeFiles/CMakeTmp'


===== END =====

Build output check failed:
    Regex: 'unrecognized .*option'
    Output line: 'cc1plus: note: unrecognized command-line option ‘-Wno-enum-compare-switch’ may have been intended to silence earlier diagnostics'
Compilation failed:
    source file: '/home/daniel/Documents/opencv/build/CMakeFiles/CMakeTmp/src.cxx'
    check option: ' -Wno-enum-compare-switch'
===== BUILD LOG =====
Change Dir: '/home/daniel/Documents/opencv/build/CMakeFiles/CMakeTmp'

Run Build Command(s): /usr/bin/cmake -E env VERBOSE=1 /usr/bin/gmake -f Makefile cmTC_ff5d2/fast
/usr/bin/gmake  -f CMakeFiles/cmTC_ff5d2.dir/build.make CMakeFiles/cmTC_ff5d2.dir/build
gmake[1]: Entering directory '/home/daniel/Documents/opencv/build/CMakeFiles/CMakeTmp'
Building CXX object CMakeFiles/cmTC_ff5d2.dir/src.cxx.o
/usr/bin/c++   -fsigned-char -W -Wall -Wreturn-type -Wnon-virtual-dtor -Waddress -Wsequence-point -Wformat -Wformat-security -Winit-self -Wpointer-arith -Wuninitialized -Wsuggest-override -Wno-delete-non-virtual-dtor -Wno-comment -Wimplicit-fallthrough=3 -Wno-strict-overflow -fdiagnostics-show-option -pthread -fomit-frame-pointer -ffunction-sections -fdata-sections  -msse3 -fvisibility=hidden -fvisibility-inlines-hidden -Wno-deprecated -Wno-missing-declarations -Wno-shadow -Wno-unused-parameter -Wno-unused-local-typedefs -Wno-sign-compare -Wno-sign-promo -Wno-undef -Wno-ignored-qualifiers -Wno-extra -Wno-unused-function -Wno-unused-const-variable -Wno-invalid-offsetof  -g  -O0 -DDEBUG -D_DEBUG -std=c++11 -fPIE    -Wno-enum-compare-switch -o CMakeFiles/cmTC_ff5d2.dir/src.cxx.o -c /home/daniel/Documents/opencv/build/CMakeFiles/CMakeTmp/src.cxx
/home/daniel/Documents/opencv/build/CMakeFiles/CMakeTmp/src.cxx:1: warning: ignoring ‘#pragma  ’ [-Wunknown-pragmas]
    1 | #pragma
cc1plus: note: unrecognized command-line option ‘-Wno-enum-compare-switch’ may have been intended to silence earlier diagnostics
Linking CXX executable cmTC_ff5d2
/usr/bin/cmake -E cmake_link_script CMakeFiles/cmTC_ff5d2.dir/link.txt --verbose=1
/usr/bin/c++    -fsigned-char -W -Wall -Wreturn-type -Wnon-virtual-dtor -Waddress -Wsequence-point -Wformat -Wformat-security -Winit-self -Wpointer-arith -Wuninitialized -Wsuggest-override -Wno-delete-non-virtual-dtor -Wno-comment -Wimplicit-fallthrough=3 -Wno-strict-overflow -fdiagnostics-show-option -pthread -fomit-frame-pointer -ffunction-sections -fdata-sections  -msse3 -fvisibility=hidden -fvisibility-inlines-hidden -Wno-deprecated -Wno-missing-declarations -Wno-shadow -Wno-unused-parameter -Wno-unused-local-typedefs -Wno-sign-compare -Wno-sign-promo -Wno-undef -Wno-ignored-qualifiers -Wno-extra -Wno-unused-function -Wno-unused-const-variable -Wno-invalid-offsetof  -g  -O0 -DDEBUG -D_DEBUG   -Wl,--gc-sections -Wl,--as-needed -Wl,--no-undefined  CMakeFiles/cmTC_ff5d2.dir/src.cxx.o -o cmTC_ff5d2
gmake[1]: Leaving directory '/home/daniel/Documents/opencv/build/CMakeFiles/CMakeTmp'


===== END =====

Build output check failed:
    Regex: 'unrecognized .*option'
    Output line: 'cc1plus: note: unrecognized command-line option ‘-Wno-comma’ may have been intended to silence earlier diagnostics'
Compilation failed:
    source file: '/home/daniel/Documents/opencv/build/CMakeFiles/CMakeTmp/src.cxx'
    check option: ' -Wno-comma'
===== BUILD LOG =====
Change Dir: '/home/daniel/Documents/opencv/build/CMakeFiles/CMakeTmp'

Run Build Command(s): /usr/bin/cmake -E env VERBOSE=1 /usr/bin/gmake -f Makefile cmTC_e5970/fast
/usr/bin/gmake  -f CMakeFiles/cmTC_e5970.dir/build.make CMakeFiles/cmTC_e5970.dir/build
gmake[1]: Entering directory '/home/daniel/Documents/opencv/build/CMakeFiles/CMakeTmp'
Building CXX object CMakeFiles/cmTC_e5970.dir/src.cxx.o
/usr/bin/c++   -fsigned-char -W -Wall -Wreturn-type -Wnon-virtual-dtor -Waddress -Wsequence-point -Wformat -Wformat-security -Winit-self -Wpointer-arith -Wuninitialized -Wno-delete-non-virtual-dtor -Wno-comment -Wno-strict-overflow -fdiagnostics-show-option -pthread -fomit-frame-pointer -ffunction-sections -fdata-sections  -msse3 -fvisibility=hidden -fvisibility-inlines-hidden -Wno-deprecated -Wno-missing-declarations -Wno-shadow -Wno-unused-parameter -Wno-unused-local-typedefs -Wno-sign-compare -Wno-sign-promo -Wno-undef -Wno-ignored-qualifiers -Wno-extra -Wno-unused-function -Wno-unused-const-variable -Wno-invalid-offsetof -Wno-suggest-override -Wno-implicit-fallthrough -Wno-array-bounds -Wno-stringop-overflow -Wno-stringop-overread -Wno-extra-semi  -g  -O0 -DDEBUG -D_DEBUG -std=c++11 -fPIE    -Wno-comma -o CMakeFiles/cmTC_e5970.dir/src.cxx.o -c /home/daniel/Documents/opencv/build/CMakeFiles/CMakeTmp/src.cxx
/home/daniel/Documents/opencv/build/CMakeFiles/CMakeTmp/src.cxx:1: warning: ignoring ‘#pragma  ’ [-Wunknown-pragmas]
    1 | #pragma
cc1plus: note: unrecognized command-line option ‘-Wno-comma’ may have been intended to silence earlier diagnostics
Linking CXX executable cmTC_e5970
/usr/bin/cmake -E cmake_link_script CMakeFiles/cmTC_e5970.dir/link.txt --verbose=1
/usr/bin/c++    -fsigned-char -W -Wall -Wreturn-type -Wnon-virtual-dtor -Waddress -Wsequence-point -Wformat -Wformat-security -Winit-self -Wpointer-arith -Wuninitialized -Wno-delete-non-virtual-dtor -Wno-comment -Wno-strict-overflow -fdiagnostics-show-option -pthread -fomit-frame-pointer -ffunction-sections -fdata-sections  -msse3 -fvisibility=hidden -fvisibility-inlines-hidden -Wno-deprecated -Wno-missing-declarations -Wno-shadow -Wno-unused-parameter -Wno-unused-local-typedefs -Wno-sign-compare -Wno-sign-promo -Wno-undef -Wno-ignored-qualifiers -Wno-extra -Wno-unused-function -Wno-unused-const-variable -Wno-invalid-offsetof -Wno-suggest-override -Wno-implicit-fallthrough -Wno-array-bounds -Wno-stringop-overflow -Wno-stringop-overread -Wno-extra-semi  -g  -O0 -DDEBUG -D_DEBUG   -Wl,--gc-sections -Wl,--as-needed -Wl,--no-undefined  CMakeFiles/cmTC_e5970.dir/src.cxx.o -o cmTC_e5970
gmake[1]: Leaving directory '/home/daniel/Documents/opencv/build/CMakeFiles/CMakeTmp'


===== END =====

